Date,Canada,,,Chile,,,Mexico,,,Taiwan China,,,Hong Kong China,,,Japan,,,South Korea,,,Macao China,,,Maldives,,,Cambodia,,,Indonesia,,,Singapore,,,New Zealand,,,USA,,,Thailand,,,Turkey,,,Australia,,,Hawaii,,,Austria,,,Czech,,,,,,,,,,,,,,,,,,,,,,,,
1989M01,,,,,,,,,,,,,,,,,,,,,,,,,,,,,,,,,,,,,,,,,,,,,,,,,1660,,,532,,,,,,,,,,,,,,,,,,,,,,,,,,,,,,
1989M02,,,,,,,,,,,,,,,,,,,,,,,,,,,,,,,,,,,,,,,,,,,,,,,,,3090,,,1550,,,,,,,,,,,,,,,,,,,,,,,,,,,,,,
1989M03,,,,,,,,,,,,,,,,,,,,,,,,,,,,,,,,,,,,,,,,,,,,,,,,,2570,,,822,,,,,,,,,,,,,,,,,,,,,,,,,,,,,,
1989M04,,,,,,,,,,,,,,,,,,,,,,,,,,,,,,,,,,,,,,,,,,,,,,,,,1580,,,1010,,,,,,,,,,,,,,,,,,,,,,,,,,,,,,
1989M05,,,,,,,,,,,,,,,,,,,,,,,,,,,,,,,,,,,,,,,,,,,,,,,,,1850,,,1383,,,,,,,,,,,,,,,,,,,,,,,,,,,,,,
1989M06,,,,,,,,,,,,,,,,,,,,,,,,,,,,,,,,,,,,,,,,,,,,,,,,,1920,,,1698,,,,,,,,,,,,,,,,,,,,,,,,,,,,,,
1989M07,,,,,,,,,,,,,,,,,,,,,,,,,,,,,,,,,,,,,,,,,,,,,,,,,1100,,,1959,,,,,,,,,,,,,,,,,,,,,,,,,,,,,,
1989M08,,,,,,,,,,,,,,,,,,,,,,,,,,,,,,,,,,,,,,,,,,,,,,,,,1220,,,1451,,,,,,,,,,,,,,,,,,,,,,,,,,,,,,
1989M09,,,,,,,,,,,,,,,,,,,,,,,,,,,,,,,,,,,,,,,,,,,,,,,,,1100,,,1124,,,,,,,,,,,,,,,,,,,,,,,,,,,,,,
1989M10,,,,,,,,,,,,,,,,,,,,,,,,,,,,,,,,,,,,,,,,,,,,,,,,,1250,,,1048,,,,,,,,,,,,,,,,,,,,,,,,,,,,,,
1989M11,,,,,,,,,,,,,,,,,,,,,,,,,,,,,,,,,,,,,,,,,,,,,,,,,2380,,,879,,,,,,,,,,,,,,,,,,,,,,,,,,,,,,
1989M12,,,,,,,,,,,,,,,,,,,,,,,,,,,,,,,,,,,,,,,,,,,,,,,,,9330,,,1024,,,,,,,,,,,,,,,,,,,,,,,,,,,,,,
1990M01,,,,,,,,,,,,,,,,,,,,,,,,,,,,,,,,,,,,,,,,,,,,,,,,,4420,,,2564,,,,,,,,,,,,,,,,,,,,,,,,,,,,,,
1990M02,,,,,,,,,,,,,,,,,,,,,,,,,,,,,,,,,,,,,,,,,,,,,,,,,2450,,,815,,,,,,,,,,,,,,,,,,,,,,,,,,,,,,
1990M03,,,,,,,,,,,,,,,,,,,,,,,,,,,,,,,,,,,,,,,,,,,,,,,,,1510,,,459,,,,,,,,,,,,,,,,,,,,,,,,,,,,,,
1990M04,,,,,,,,,,,,,,,,,,,,,,,,,,,,,,,,,,,,,,,,,,,,,,,,,3720,,,647,,,,,,,,,,,,,,,,,,,,,,,,,,,,,,
1990M05,,,,,,,,,,,,,,,,,,,,,,,,,,,,,,,,,,,,,,,,,,,,,,,,,3030,,,524,,,,,,,,,,,,,,,,,,,,,,,,,,,,,,
1990M06,,,,,,,,,,,,,,,,,,,,,,,,,,,,,,,,,,,,,,,,,,,,,,,,,1500,,,1172,,,,,,,,,,,,,,,,,,,,,,,,,,,,,,
1990M07,,,,,,,,,,,,,,,,,,,,,,,,,,,,,,,,,,,,,,,,,,,,,,,,,1050,,,1473,,,,,,,,,,,,,,,,,,,,,,,,,,,,,,
1990M08,,,,,,,,,,,,,,,,,,,,,,,,,,,,,,,,,,,,,,,,,,,,,,,,,1190,,,886,,,,,,,,,,,,,,,,,,,,,,,,,,,,,,
1990M09,,,,,,,,,,,,,,,,,,,,,,,,,,,,,,,,,,,,,,,,,,,,,,,,,1170,,,479,,,,,,,,,,,,,,,,,,,,,,,,,,,,,,
1990M10,,,,,,,,,,,,,,,,,,,,,,,,,,,,,,,,,,,,,,,,,,,,,,,,,1080,,,460,,,,,,,,,,,,,,,,,,,,,,,,,,,,,,
1990M11,,,,,,,,,,,,,,,,,,,,,,,,,,,,,,,,,,,,,,,,,,,,,,,,,1300,,,357,,,,,,,,,,,,,,,,,,,,,,,,,,,,,,
1990M12,,,,,,,,,,,,,,,,,,,,,,,,,,,,,,,,,,,,,,,,,,,,,,,,,1300,,,420,,,,,,,,,,,,,,,,,,,,,,,,,,,,,,
1991M01,,,,,,,,,,,,,,,,,,,,,,,,,,,,,,,,,,,,,,,,,,,,,,,,,1260,,,411,,,,,,,,,,,,,,,,,,,,,,,,,,,,,,
1991M02,,,,,,,,,,,,,,,,,,,,,,,,,,,,,,,,,,,,,,,,,,,,,,,,,1160,,,315,,,,,,,,,,,,,,,,,,,,,,,,,,,,,,
1991M03,,,,,,,,,,,,,,,,,,,,,,,,,,,,,,,,,,,,,,,,,,,,,,,,,1430,,,580,,,,,,,,,,,,,,,,,,,,,,,,,,,,,,
1991M04,,,,,,,,,,,,,,,,,,,,,,,,,,,,,,,,,,,,,,,,,,,,,,,,,1120,,,397,,,,,,,,,,,,,,,,,,,,,,,,,,,,,,
1991M05,,,,,,,,,,,,,,,,,,,,,,,,,,,,,,,,,,,,,,,,,,,,,,,,,990,,,1093,,,,,,,,,,,,,,,,,,,,,,,,,,,,,,
1991M06,,,,,,,,,,,,,,,,,,,,,,,,,,,,,,,,,,,,,,,,,,,,,,,,,1290,,,1222,,,,,,,,,,,,,,,,,,,,,,,,,,,,,,
1991M07,,,,,,,,,,,,,,,,,,,,,,,,,,,,,,,,,,,,,,,,,,,,,,,,,1170,,,1373,,,,,,,,,,,,,,,,,,,,,,,,,,,,,,
1991M08,,,,,,,,,,,,,,,,,,,,,,,,,,,,,,,,,,,,,,,,,,,,,,,,,1580,,,762,,,,,,,,,,,,,,,,,,,,,,,,,,,,,,
1991M09,,,,,,,,,,,,,,,,,,,,,,,,,,,,,,,,,,,,,,,,,,,,,,,,,1360,,,659,,,,,,,,,,,,,,,,,,,,,,,,,,,,,,
1991M10,,,,,,,,,,,,,,,,,,,,,,,,,,,,,,,,,,,,,,,,,,,,,,,,,1200,,,562,,,,,,,,,,,,,,,,,,,,,,,,,,,,,,
1991M11,,,,,,,,,,,,,,,,,,,,,,,,,,,,,,,,,,,,,,,,,,,,,,,,,1940,,,442,,,,,,,,,,,,,,,,,,,,,,,,,,,,,,
1991M12,,,,,,,,,,,,,,,,,,,,,,,,,,,,,,,,,,,,,,,,,,,,,,,,,1920,,,1160,,,,,,,,,,,,,,,,,,,,,,,,,,,,,,
1992M01,,,,,,,,,,,,,,,,,,,,,,,,,,,,,,,,,,,,,,,,,,,,,,,,,1180,,,713,,,,,,,,,,,,,,,,,,,,,,,,,,,,,,
1992M02,,,,,,,,,,,,,,,,,,,,,,,,,,,,,,,,,,,,,,,,,,,,,,,,,2100,,,770,,,,,,,,,,,,,,,,,,,,,,,,,,,,,,
1992M03,,,,,,,,,,,,,,,,,,,,,,,,,,,,,,,,,,,,,,,,,,,,,,,,,1580,,,731,,,,,,,,,,,,,,,,,,,,,,,,,,,,,,
1992M04,,,,,,,,,,,,,,,,,,,,,,,,,,,,,,,,,,,,,,,,,,,,,,,,,1320,,,604,,,,,,,,,,,,,,,,,,,,,,,,,,,,,,
1992M05,,,,,,,,,,,,,,,,,,,,,,,,,,,,,,,,,,,,,,,,,,,,,,,,,1500,,,799,,,,,,,,,,,,,,,,,,,,,,,,,,,,,,
1992M06,,,,,,,,,,,,,,,,,,,,,,,,,,,,,,,,,,,,,,,,,,,,,,,,,1310,,,1430,,,,,,,,,,,,,,,,,,,,,,,,,,,,,,
1992M07,,,,,,,,,,,,,,,,,,,,,,,,,,,,,,,,,,,,,,,,,,,,,,,,,1300,,,1550,,,,,,,,,,,,,,,,,,,,,,,,,,,,,,
1992M08,,,,,,,,,,,,,,,,,,,,,,,,,,,,,,,,,,,,,,,,,,,,,,,,,1260,,,857,,,,,,,,,,,,,,,,,,,,,,,,,,,,,,
1992M09,,,,,,,,,,,,,,,,,,,,,,,,,,,,,,,,,,,,,,,,,,,,,,,,,1780,,,829,,,,,,,,,,,,,,,,,,,,,,,,,,,,,,
1992M10,,,,,,,,,,,,,,,,,,,,,,,,,,,,,,,,,,,,,,,,,,,,,,,,,1520,,,579,,,,,,,,,,,,,,,,,,,,,,,,,,,,,,
1992M11,,,,,,,,,,,,,,,,,,,,,,,,,,,,,,,,,,,,,,,,,,,,,,,,,1960,,,1154,,,,,,,,,,,,,,,,,,,,,,,,,,,,,,
1992M12,,,,,,,,,,,,,,,,,,,,,,,,,,,,,,,,,,,,,,,,,,,,,,,,,1870,,,897,,,,,,,,,,,,,,,,,,,,,,,,,,,,,,
1993M01,,,,,,,,,,,,,,,,,,,,,,,,,,,,,,,,,,,,,,,,,,,,,,,,,1360,,,946,,,,,,,,,,,,,,,,,,,,,,,,,,,,,,
1993M02,,,,,,,,,,,,,,,,,,,,,,,,,,,,,,,,,,,,,,,,,,,,,,,,,1740,,,549,,,,,,,,,,,,,,,,,,,,,,,,,,,,,,
1993M03,,,,,,,,,,,,,,,,,,,,,,,,,,,,,,,,,,,,,,,,,,,,,,,,,1580,,,754,,,,,,,,,,,,,,,,,,,,,,,,,,,,,,
1993M04,,,,,,,,,,,,,,,,,,,,,,,,,,,,,,,,,,,,,,,,,,,,,,,,,1720,,,1239,,,,,,,,,,,,,,,,,,,,,,,,,,,,,,
1993M05,,,,,,,,,,,,,,,,,,,,,,,,,,,,,,,,,,,,,,,,,,,,,,,,,1710,,,1016,,,,,,,,,,,,,,,,,,,,,,,,,,,,,,
1993M06,,,,,,,,,,,,,,,,,,,,,,,,,,,,,,,,,,,,,,,,,,,,,,,,,1710,,,1430,,,,,,,,,,,,,,,,,,,,,,,,,,,,,,
1993M07,,,,,,,,,,,,,,,,,,,,,,,,,,,,,,,,,,,,,,,,,,,,,,,,,1870,,,1403,,,,,,,,,,,,,,,,,,,,,,,,,,,,,,
1993M08,,,,,,,,,,,,,,,,,,,,,,,,,,,,,,,,,,,,,,,,,,,,,,,,,2230,,,1033,,,,,,,,,,,,,,,,,,,,,,,,,,,,,,
1993M09,,,,,,,,,,,,,,,,,,,,,,,,,,,,,,,,,,,,,,,,,,,,,,,,,1510,,,1209,,,,,,,,,,,,,,,,,,,,,,,,,,,,,,
1993M10,,,,,,,,,,,,,,,,,,,,,,,,,,,,,,,,,,,,,,,,,,,,,,,,,2200,,,1082,,,,,,,,,,,,,,,,,,,,,,,,,,,,,,
1993M11,,,,,,,,,,,,,,,,,,,,,,,,,,,,,,,,,,,,,,,,,,,,,,,,,2700,,,946,,,,,,,,,,,,,,,,,,,,,,,,,,,,,,
1993M12,,,,,,,,,,,,,,,,,,,,,,,,,,,,,,,,,,,,,,,,,,,,,,,,,1940,,,889,,,,,,,,,,,,,,,,,,,,,,,,,,,,,,
1994M01,,,,,,,,,,,,,,,,,,,,,,,,,,,,,,,,,,,,,,,,,,,,,,,,,1660,,,623,,,,,,,,,,,,,,,,,,,,,,,,,,,,,,
1994M02,,,,,,,,,,,,,,,,,,,,,,,,,,,,,,,,,,,,,,,,,,,,,,,,,1980,,,513,,,,,,,,,,,,,,,,,,,,,,,,,,,,,,
1994M03,,,,,,,,,,,,,,,,,,,,,,,,,,,,,,,,,,,,,,,,,,,,,,,,,2060,,,521,,,,,,,,,,,,,,,,,,,,,,,,,,,,,,
1994M04,,,,,,,,,,,,,,,,,,,,,,,,,,,,,,,,,,,,,,,,,,,,,,,,,2130,,,715,,,,,,,,,,,,,,,,,,,,,,,,,,,,,,
1994M05,,,,,,,,,,,,,,,,,,,,,,,,,,,,,,,,,,,,,,,,,,,,,,,,,2630,,,1352,,,,,,,,,,,,,,,,,,,,,,,,,,,,,,
1994M06,,,,,,,,,,,,,,,,,,,,,,,,,,,,,,,,,,,,,,,,,,,,,,,,,2110,,,1139,,,,,,,,,,,,,,,,,,,,,,,,,,,,,,
1994M07,,,,,,,,,,,,,,,,,,,,,,,,,,,,,,,,,,,,,,,,,,,,,,,,,2590,,,1318,,,,,,,,,,,,,,,,,,,,,,,,,,,,,,
1994M08,,,,,,,,,,,,,,,,,,,,,,,,,,,,,,,,,,,,,,,,,,,,,,,,,2230,,,1436,,,,,,,,,,,,,,,,,,,,,,,,,,,,,,
1994M09,,,,,,,,,,,,,,,,,,,,,,,,,,,,,,,,,,,,,,,,,,,,,,,,,2260,,,2261,,,,,,,,,,,,,,,,,,,,,,,,,,,,,,
1994M10,,,,,,,,,,,,,,,,,,,,,,,,,,,,,,,,,,,,,,,,,,,,,,,,,3450,,,1738,,,,,,,,,,,,,,,,,,,,,,,,,,,,,,
1994M11,,,,,,,,,,,,,,,,,,,,,,,,,,,,,,,,,,,,,,,,,,,,,,,,,3240,,,1686,,,,,,,,,,,,,,,,,,,,,,,,,,,,,,
1994M12,,,,,,,,,,,,,,,,,,,,,,,,,,,,,,,,,,,,,,,,,,,,,,,,,3350,,,1520,,,,,,,,,,,,,,,,,,,,,,,,,,,,,,
1995M01,,,,,,,,,,,,,,,,,,,,,,,,,,,,,,,,,,,,,,,,,,,23333,,,,,,2660,,,981,,,,,,,,,,,,,,,,,,,,,,,,,,,,,,
1995M02,,,,,,,,,,,,,,,,,,,,,,,,,,,,,,,,,,,,,,,,,,,29822,,,,,,2850,,,816,,,,,,,,,,,,,,,,,,,,,,,,,,,,,,
1995M03,,,,,,,,,,,,,,,,,,,,,,,,,,,,,,,,,,,,,,,,,,,33547,,,,,,2960,,,946,,,,,,,,,,,,,,,,,,,,,,,,,,,,,,
1995M04,,,,,,,,,,,,,,,,,,,,,,,,,,,,,,,,,,,,,,,,,,,30017,,,,,,3220,,,1229,,,,,,,,,,,,,,,,,,,,,,,,,,,,,,
1995M05,,,,,,,,,,,,,,,,,,,,,,,,,,,,,,,,,,,,,,,,,,,31602,,,,,,2850,,,1310,,,,,,,,,,,,,,,,,,,,,,,,,,,,,,
1995M06,,,,,,,,,,,,,,,,,,,,,,,,,,,,,,,,,,,,,,,,,,,26744,,,,,,2920,,,2044,,,,,,,,,,,,,,,,,,,,,,,,,,,,,,
1995M07,,,,,,,,,,,,,,,,,,,,,,,,,,,,,,,,,,,,,,,,,,,35877,,,,,,3520,,,1353,,,,,,,,,,,,,,,,,,,,,,,,,,,,,,
1995M08,,,,,,,,,,,,,,,,,,,,,,,,,,,,,,,,,,,,,,,,,,,33971,,,,,,3450,,,1293,,,,,,,,,,,,,,,,,,,,,,,,,,,,,,
1995M09,,,,,,,,,,,,,,,,,,,,,,,,,,,,,,,,,,,,,,,,,,,27167,,,,,,3250,,,1863,,,,,,,,,,,,,,,,,,,,,,,,,,,,,,
1995M10,,,,,,,,,,,,,,,,,,,,,,,,,,,,,,,,,,,,,,,,,,,31500,,,,,,4250,,,1446,,,,,,,,,,,,,,,,,,,,,,,,,,,,,,
1995M11,,,,,,,,,,,,,,,,,,,,,,,,,,,,,,,,,,,,,,,,,,,37078,,,,,,5360,,,1957,,,,,,,,,,,,,,,,,,,,,,,,,,,,,,
1995M12,,,,,,,,,,,,,,,,,,,,,,,,,,,,,,,,,,,,,,,,,,,39395,,,,,,5310,,,2066,,,,,,,,,,,,,,,,,,,,,,,,,,,,,,
1996M01,,,,,,,,,,,,,,,,,,,,,,,,,,,,,,,,,,,,,,,,,,,34381,,,620,,,3610,,,1056,,,,,,,,,,,,,,,,,,,,,,,,,,,,,,
1996M02,,,,,,,,,,,,,,,,,,,,,,,,,,,,,,,,,,,,,,,,,,,42057,,,1024,,,3930,,,1088,,,,,,,,,,,,,,,,,,,,,,,,,,,,,,
1996M03,,,,,,,,,,,,,,,,,,,,,,,,,,,,,,,,,,,,,,,,,,,31874,,,1000,,,4260,,,1207,,,,,,,,,,,,,,,,,,,,,,,,,,,,,,
1996M04,,,,,,,,,,,,,,,,,,,,,,,,,,,,,,,,,,,,,,,,,,,34640,,,980,,,4180,,,1292,,,,,,,,,,,,,,,,,,,,,,,,,,,,,,
1996M05,,,,,,,,,,,,,,,,,,,,,,,,,,,,,,,,,,,,,,,,,,,35855,,,944,,,4420,,,2228,,,,,,,,,,,,,,,,,,,,,,,,,,,,,,
1996M06,,,,,,,,,,,,,,,,,,,,,,,,,,,,,,,,,,,,,,,,,,,28965,,,1154,,,4190,,,1827,,,,,,,,,,,,,,,,,,,,,,,,,,,,,,
1996M07,,,,,,,,,,,,,,,,,,,,,,,,,,,,,,,,,,,,,,,,,,,46282,,,1221,,,4460,,,2656,,,,,,,,,,,,,,,,,,,,,,,,,,,,,,
1996M08,,,,,,,,,,,,,,,,,,,,,,,,,,,,,,,,,,,,,,,,,,,49820,,,1080,,,4000,,,1553,,,,,,,,,,,,,,,,,,,,,,,,,,,,,,
1996M09,,,,,,,,,,,,,,,,,,,,,,,,,,,,,,,,,,,,,,,,,,,35203,,,1080,,,4400,,,2241,,,,,,,,,,,,,,,,,,,,,,,,,,,,,,
1996M10,,,,,,,,,,,,,,,,,,,,,,,,,,,,,,,,,,,,,,,,,,,40901,,,1353,,,4940,,,2675,,,,,,,,,,,,,,,,,,,,,,,,,,,,,,
1996M11,,,,,,,,,,,,,,,,,,,,,,,,,,,,,,,,,,,,,,,,,,,43857,,,1026,,,6450,,,3045,,,,,,,,,,,,,,,,,,,,,,,,,,,,,,
1996M12,,,,,,,,,,,,,,,,,,,,,,,,,,,,,,,,,,,,,,,,,,,45627,,,736,,,5140,,,2238,,,,,,,,,,,,,,,,,,,,,,,,,,,,,,
1997M01,,,,,,,,,,,,,,,,23402,,,,,,,,,,,,,,,,,,,,,,,,,,,44461,,,707,,,4850,,,1318,,,,,,,,,,,,,,,,,,,,,,,,,,,,,,
1997M02,,,,,,,,,,,,,,,,17981,,,,,,,,,,,,,,,,,,,,,,,,,,,52127,,,640,,,4910,,,1476,,,,,,,,,,,,,,,,,,,,,,,,,,,,,,
1997M03,,,,,,,,,,,,,,,,21737,,,,,,,,,,,,,,,,,,,,,,,,,,,37274,,,1061,,,5380,,,1754,,,,,,,,,,,,,,,,,,,,,,,,,,,,,,
1997M04,,,,,,,,,,,,,,,,21289,,,,,,,,,,,,,,,,,,,,,,,,,,,48864,,,1296,,,5340,,,1675,,,,,,,,,,,,,,,,,,,,,,,,,,,,,,
1997M05,,,,,,,,,,,,,,,,22495,,,,,,,,,,,,,,,,,,,,,,,,,,,51787,,,1404,,,5910,,,2687,,,,,,,,,,,,,,,,,,,,,,,,,,,,,,
1997M06,,,,,,,,,,,,,,,,19179,,,,,,,,,,,,,,,,,,,,,,,,,,,23826,,,969,,,4640,,,2417,,,,,,,,,,,,,,,,,,,,,,,,,,,,,,
1997M07,,,,,,,,,,,,,,,,20884,,,,,,,,,,,,,,,,,,,,,,,,,,,27779,,,861,,,4590,,,2093,,,,,,,,,,,,,,,,,,,,,,,,,,,,,,
1997M08,,,,,,,,,,,,,,,,23896,,,,,,,,,,,,,,,,,,,,,,,,,,,39609,,,1136,,,5160,,,3321,,,,,,,,,,,,,,,,,,,,,,,,,,,,,,
1997M09,,,,,,,,,,,,,,,,24163,,,,,,,,,,,,,,,,,,,,,,,,,,,26003,,,1383,,,4880,,,2221,,,,,,,,,,,,,,,,,,,,,,,,,,,,,,
1997M10,,,,,,,,,,,,,,,,25633,,,,,,,,,,,,,,,,,,,,,,,,,,,25833,,,1282,,,6230,,,2572,,,,,,,,,,,,,,,,,,,,,,,,,,,,,,
1997M11,,,,,,,,,,,,,,,,23484,,,,,,,,,,,,,,,,,,,,,,,,,,,34026,,,1134,,,7150,,,2896,,,,,,,,,,,,,,,,,,,,,,,,,,,,,,
1997M12,,,,,,,,,,,,,,,,16484,,,,,,,,,,,,,,,,,,,,,,,,,,,40547,,,873,,,6810,,,3153,,,,,,,,,,,,,,,,,,,,,,,,,,,,,,
1998M01,,,,,,,,,,,,,,,,22454,,,14402,,,,,,263,,,,,,,,,,,,,,,,,,60784,,,675,,,6710,,,1656,,,,,,,,,,,,,,,,,,,,,,,,,,,,,,
1998M02,,,,,,,,,,,,,,,,20156,,,14633,,,,,,250,,,,,,,,,,,,,,,,,,43980,,,552,,,6440,,,1424,,,,,,,,,,,,,,,,,,,,,,,,,,,,,,
1998M03,,,,,,,,,,,,,,,,23411,,,16298,,,,,,162,,,,,,,,,,,,,,,,,,52243,,,850,,,6510,,,1827,,,,,,,,,,,,,,,,,,,,,,,,,,,,,,
1998M04,,,,,,,,,,,,,,,,22745,,,14903,,,,,,155,,,,,,,,,,,,,,,,,,40248,,,1168,,,5550,,,1772,,,,,,,,,,,,,,,,,,,,,,,,,,,,,,
1998M05,,,,,,,,,,,,,,,,22480,,,17298,,,,,,197,,,,,,,,,,,,,,,,,,42941,,,1110,,,6460,,,2432,,,,,,,,,,,,,,,,,,,,,,,,,,,,,,
1998M06,,,,,,,,,,,,,,,,18786,,,16630,,,,,,337,,,,,,,,,,,,,,,,,,38150,,,957,,,5480,,,3256,,,,,,,,,,,,,,,,,,,,,,,,,,,,,,
1998M07,,,,,,,,,,,,,,,,21140,,,17079,,,,,,269,,,,,,,,,,,,,,,,,,59163,,,1349,,,7950,,,3436,,,,,,,,,,,,,,,,,,,,,,,,,,,,,,
1998M08,,,,,,,,,,,,,,,,26418,,,19246,,,,,,364,,,,,,,,,,,,,,,,,,56681,,,1257,,,6340,,,2236,,,,,,,,,,,,,,,,,,,,,,,,,,,,,,
1998M09,,,,,,,,,,,,,,,,23779,,,18939,,,,,,235,,,,,,,,,,,,,,,,,,38805,,,1155,,,5250,,,2332,,,,,,,,,,,,,,,,,,,,,,,,,,,,,,
1998M10,,,,,,,,,,,,,,,,26647,,,19819,,,,,,392,,,,,,,,,,,,,,,,,,44569,,,1014,,,6460,,,3110,,,,,,,,,,,,,,,,,,,,,,,,,,,,,,
1998M11,,,,,,,,,,,,,,,,22894,,,20311,,,,,,252,,,,,,,,,,,,,,,,,,62965,,,918,,,6420,,,3832,,,,,,,,,,,,,,,,,,,,,,,,,,,,,,
1998M12,,,,,,,,,,,,,,,,16270,,,21104,,,,,,191,,,,,,,,,,,,,,,,,,63943,,,582,,,6990,,,2549,,,,,,,,,,,,,,,,,,,,,,,,,,,,,,
1999M01,,,,,,,,,,,,,257085,,,27581,,,19458,,,105891,,,177,,,,,,,,,,,,,,,,,,72009,,,681,,,6700,,,1672,,,,,,,,,,,,,,,,,,,,,,,,,,,,,,
1999M02,,,,,,,,,,,,,307609,,,19492,,,23978,,,133006,,,584,,,,,,,,,,,,,,,,,,111444,,,709,,,9660,,,1473,,,,,,,,,,,,,,,,,,,,,,,,,,,,,,
1999M03,,,,,,,,,,,,,236152,,,26271,,,21825,,,109349,,,82,,,,,,,,,,,,,,,,,,54725,,,574,,,6400,,,1935,,,,,,,,,,,,,,,,,,,,,,,,,,,,,,
1999M04,,,,,,,,,,,,,249008,,,24505,,,23366,,,125105,,,196,,,,,,,,,,,,,,,,,,66936,,,741,,,6160,,,1857,,,,,,,,,,,,,,,,,,,,,,,,,,,,,,
1999M05,,,,,,,,,,,,,261447,,,24180,,,28028,,,131182,,,259,,,,,,,,,,,,,,,,,,65041,,,899,,,7110,,,2030,,,,,,,,,,,,,,,,,,,,,,,,,,,,,,
1999M06,,,,,,,,,,,,,233513,,,20491,,,26380,,,113857,,,257,,,,,,,,,,,,,,,,,,54375,,,754,,,6130,,,1868,,,,,,,,,,,,,,,,,,,,,,,,,,,,,,
1999M07,,,,,,,,,,,,,291015,,,24047,,,27719,,,146846,,,556,,,,,,,,,,,,,,,,,,77725,,,955,,,8700,,,2007,,,,,,,,,,,,,,,,,,,,,,,,,,,,,,
1999M08,,,,,,,,,,,,,296856,,,29519,,,30786,,,178958,,,506,,,,,,,,,,,,,,,,,,66549,,,1138,,,7180,,,2331,,,,,,,,,,,,,,,,,,,,,,,,,,,,,,
1999M09,,,,,,,,,,,,,229189,,,25875,,,29294,,,127097,,,387,,,,,,,,,,,,,,,,,,46133,,,1247,,,6930,,,2706,,,,,,,,,,,,,,,,,,,,,,,,,,,,,,
1999M10,,,,,,,,,,,,,260744,,,28822,,,30700,,,153246,,,378,,,,,,,,,,,,,,,,,,57458,,,1282,,,9500,,,2710,,,,,,,,,,,,,,,,,,,,,,,,,,,,,,
1999M11,,,,,,,,,,,,,287683,,,24465,,,26915,,,181004,,,290,,,,,,,,,,,,,,,,,,74142,,,1090,,,8990,,,3171,,,,,,,,,,,,,,,,,,,,,,,,,,,,,,
1999M12,,,,,,,,,,,,,296151,,,19689,,,28190,,,139652,,,301,,,,,,,,,,,,,,,,,,67056,,,962,,,9130,,,3705,,,,,,,,,,,,,,,,,,,,,,,,,,,,,,
2000M01,,,,,,,,,,,,,308782,,,30983,,,32309,,,181689,,,145,,,,,,,,,,,,,,,17357,,,75040,,,996,,,8860,,,2245,,,,,,,,,,,,,,,,,,,,,,,,,,,,,,
2000M02,,,,,,,,,,,,,293947,,,24741,,,34802,,,192277,,,856,,,,,,,,,,,,,,,14574,,,84634,,,1222,,,13970,,,1942,,,,,,,,,,,,,,,,,,,,,,,,,,,,,,
2000M03,,,,,,,,,,,,,288798,,,28311,,,32249,,,204483,,,243,,,,,,,,,,,,,,,15127,,,66692,,,1555,,,7330,,,1862,,,,,,,,,,,,,,,,,,,,,,,,,,,,,,
2000M04,,,,,,,,,,,,,305229,,,31404,,,36001,,,175712,,,339,,,,,,,,,,,,,,,18332,,,82741,,,2011,,,7880,,,2708,,,,,,,,,,,,,,,,,,,,,,,,,,,,,,
2000M05,,,,,,,,,,,,,334287,,,29541,,,42578,,,220512,,,341,,,,,,,,,,,,,,,22690,,,65429,,,2108,,,8960,,,2700,,,,,,,,,,,,,,,,,,,,,,,,,,,,,,
2000M06,,,,,,,,,,,,,279273,,,24541,,,34333,,,152716,,,371,,,,,,,,,,,,,,,21623,,,49272,,,2021,,,7590,,,2980,,,,,,,,,,,,,,,,,,,,,,,,,,,,,,
2000M07,,,,,,,,,,,,,332684,,,29053,,,40065,,,188113,,,568,,,,,,,,,,,,,,,24742,,,62944,,,2350,,,12470,,,2728,,,,,,,,,,,,,,,,,,,,,,,,,,,,,,
2000M08,,,,,,,,,,,,,354895,,,32890,,,45180,,,196216,,,588,,,,,,,,,,,,,,,27209,,,57478,,,1679,,,9920,,,2864,,,,,,,,,,,,,,,,,,,,,,,,,,,,,,
2000M09,,,,,,,,,,,,,311743,,,33584,,,38679,,,165951,,,609,,,,,,,,,,,,,,,24458,,,54809,,,1958,,,7830,,,4565,,,,,,,,,,,,,,,,,,,,,,,,,,,,,,
2000M10,,,,,,,,,,,,,317061,,,33474,,,38344,,,196247,,,645,,,,,,,,,,,,,,,21716,,,45115,,,2145,,,9950,,,4382,,,,,,,,,,,,,,,,,,,,,,,,,,,,,,
2000M11,,,,,,,,,,,,,304466,,,28972,,,32280,,,195553,,,225,,,,,,,,,,,,,,,23121,,,50693,,,2019,,,10930,,,3984,,,,,,,,,,,,,,,,,,,,,,,,,,,,,,
2000M12,,,,,,,,,,,,,354680,,,24294,,,35974,,,205244,,,450,,,,,,,,,,,,,,,18492,,,58862,,,1454,,,14570,,,3590,,,,,,,,,,,,,,,,,,,,,,,,,,,,,,
2001M01,,,,,,,,,,,,,370531,,,35000,,,42890,,,230311,,,1023,,,,,,,,,,,,,,,21941,,,90686,,,2077,,,21470,,,2403,,,,,,,,,,,,,,,,,,,,,,,,,,,,,,
2001M02,,,,,,,,,,,,,277074,,,25690,,,30853,,,191266,,,330,,,,,,,,,,,,,,,14256,,,46648,,,1177,,,13420,,,1504,,,,,,,,,,,,,,,,,,,,,,,,,,,,,,
2001M03,,,,,,,,,,,,,329777,,,33380,,,33234,,,231450,,,459,,,,,,,,,,,,,,,18786,,,61518,,,1760,,,10390,,,2343,,,,,,,,,,,,,,,,,,,,,,,,,,,,,,
2001M04,,,,,,,,,,,,,318899,,,37762,,,37729,,,238297,,,734,,,,,,,,,,,,,,,19586,,,73190,,,1932,,,12660,,,2992,,,,,,,,,,,,,,,,,,,,,,,,,,,,,,
2001M05,,,,,,,,,,,,,380989,,,30667,,,43723,,,251414,,,910,,,,,,,,,,,,,,,23191,,,65946,,,2396,,,11320,,,2760,,,,,,,,,,,,,,,,,,,,,,,,,,,,,,
2001M06,,,,,,,,,,,,,337137,,,27508,,,37087,,,217176,,,446,,,,,,,,,,,,,,,23444,,,61512,,,2547,,,8530,,,2511,,,,,,,,,,,,,,,,,,,,,,,,,,,,,,
2001M07,,,,,,,,,,,,,400172,,,34900,,,42896,,,221610,,,584,,,,,,,,,,,,,,,26761,,,80381,,,2990,,,15990,,,3525,,,,,,,,,,,,,,,,,,,,,,,,,,,,,,
2001M08,,,,,,,,,,,,,423883,,,38590,,,49532,,,325226,,,635,,,,,,,,,,,,,,,29705,,,72492,,,2398,,,13440,,,3009,,,,,,,,,,,,,,,,,,,,,,,,,,,,,,
2001M09,,,,,,,,,,,,,348174,,,38255,,,39973,,,243979,,,584,,,,,,,,,,,,,,,18240,,,50427,,,2381,,,11480,,,2965,,,,,,,,,,,,,,,,,,,,,,,,,,,,,,
2001M10,,,,,,,,,,,,,397809,,,37137,,,48270,,,282887,,,776,,,,,,,,,,,,,,,10965,,,51196,,,1280,,,13080,,,769,,,,,,,,,,,,,,,,,,,,,,,,,,,,,,
2001M11,,,,,,,,,,,,,406225,,,28492,,,37905,,,285269,,,226,,,,,,,,,,,,,,,12813,,,67811,,,1015,,,12260,,,1440,,,,,,,,,,,,,,,,,,,,,,,,,,,,,,
2001M12,,,,,,,,,,,,,457913,,,24003,,,38135,,,286837,,,635,,,,,,,,,,,,,,,12728,,,79555,,,1656,,,13900,,,2442,,,,,,,,,,,,,,,,,,,,,,,,,,,,,,
2002M01,6088,,,,,,,,,,,,454817,,,36398,,,33783,,,270457,,,468,,,,,,,,,50303,,,5985,,,19757,,,73210,,,1019,,,15400,,,1621,,,,,,,,,,,,,,,,,,,,,,,,,,,,,,
2002M02,4356,,,,,,,,,,,,471528,,,33413,,,46477,,,299526,,,2041,,,,,,,,,81649,,,8993,,,15189,,,109352,,,1990,,,26200,,,2139,,,,,,,,,,,,,,,,,,,,,,,,,,,,,,
2002M03,5008,,,,,,,,,,,,465230,,,41046,,,38929,,,303395,,,527,,,,,,,,,42728,,,5328,,,15667,,,58883,,,1976,,,12280,,,2658,,,,,,,,,,,,,,,,,,,,,,,,,,,,,,
2002M04,5841,,,,,,,,,,,,525498,,,46367,,,41251,,,356031,,,633,,,,,,,,,63880,,,6052,,,17847,,,80829,,,2563,,,15080,,,3571,,,,,,,,,,,,,,,,,,,,,,,,,,,,,,
2002M05,7042,,,,,,,,,,,,544163,,,37436,,,42326,,,356951,,,1324,,,,,,,,,56486,,,5586,,,21047,,,65299,,,2775,,,12630,,,2992,,,,,,,,,,,,,,,,,,,,,,,,,,,,,,
2002M06,9956,,,,,,,,,,,,423763,,,25312,,,61256,,,284148,,,1029,,,,,,,,,41186,,,4602,,,21078,,,45062,,,2338,,,10530,,,3419,,,,,,,,,,,,,,,,,,,,,,,,,,,,,,
2002M07,12345,,,,,,,,,,,,565322,,,39051,,,38927,,,348945,,,1009,,,,,,,,,51147,,,6256,,,22608,,,55155,,,2069,,,19390,,,3496,,,,,,,,,,,,,,,,,,,,,,,,,,,,,,
2002M08,12773,,,,,,,,,,,,659726,,,44025,,,50036,,,387631,,,810,,,,,,,,,62700,,,5696,,,25750,,,61226,,,2871,,,14980,,,3510,,,,,,,,,,,,,,,,,,,,,,,,,,,,,,
2002M09,11059,,,,,,,,,,,,593509,,,44753,,,50592,,,337711,,,1090,,,,,,,,,47218,,,6390,,,19881,,,61252,,,3350,,,12880,,,3950,,,,,,,,,,,,,,,,,,,,,,,,,,,,,,
2002M10,8212,,,,,,,,,,,,669828,,,44118,,,57501,,,381650,,,1626,,,,,,,,,57693,,,6012,,,17687,,,57347,,,3265,,,14720,,,3489,,,,,,,,,,,,,,,,,,,,,,,,,,,,,,
2002M11,6905,,,,,,,,,,,,697841,,,33201,,,40036,,,445038,,,863,,,,,,,,,56422,,,7794,,,15624,,,63875,,,2408,,,17770,,,4299,,,,,,,,,,,,,,,,,,,,,,,,,,,,,,
2002M12,6557,,,,,,,,,,,,753974,,,27300,,,38352,,,468963,,,672,,,,,,,,,58687,,,7840,,,13430,,,66486,,,3139,,,18160,,,3780,,,,,,,,,,,,,,,,,,,,,,,,,,,,,,
2003M01,6304,,,,,,,,,,,,750929,,,40824,,,35851,,,467520,,,1341,,,2894,,,,,,62455,,,7682,,,18005,,,72451,,,1172,,,20840,,,2615,,,,,,,,,,,,,,,,,,,,,,,,,,,,,,
2003M02,5042,,,,,,,,,,,,713489,,,41864,,,47062,,,416056,,,2074,,,3921,,,,,,89704,,,10080,,,13129,,,88319,,,2604,,,27030,,,2513,,,,,,,,,,,,,,,,,,,,,,,,,,,,,,
2003M03,4710,,,,,,,,,,,,666343,,,49676,,,40687,,,454710,,,751,,,3568,,,,,,54063,,,5776,,,10760,,,58323,,,1206,,,14260,,,1943,,,,,,,,,,,,,,,,,,,,,,,,,,,,,,
2003M04,4815,,,,,,,,,,,,322216,,,42706,,,32852,,,298574,,,356,,,2598,,,,,,23002,,,4304,,,7035,,,23383,,,686,,,9480,,,987,,,,,,,,,,,,,,,,,,,,,,,,,,,,,,
2003M05,2932,,,,,,,,,,,,311821,,,11280,,,20759,,,270537,,,38,,,1763,,,,,,3994,,,1209,,,6441,,,6490,,,561,,,3100,,,665,,,2091,,,,,,,,,,,,,,,,,,,,,,,,,,,
2003M06,5248,,,,,,,,,,,,470562,,,12915,,,25213,,,367847,,,39,,,2368,,,,,,8405,,,1672,,,8610,,,10871,,,865,,,4520,,,707,,,2886,,,,,,,,,,,,,,,,,,,,,,,,,,,
2003M07,8536,,,,,,,,,,,,693008,,,28767,,,39023,,,449139,,,331,,,3450,,,,,,20989,,,3240,,,13404,,,26660,,,1610,,,11340,,,1233,,,5271,,,,,,,,,,,,,,,,,,,,,,,,,,,
2003M08,10974,,,,,,,,,,,,946122,,,46765,,,54971,,,586700,,,1904,,,5081,,,,,,52858,,,3859,,,19216,,,51270,,,2791,,,12130,,,2143,,,11786,,,,,,,,,,,,,,,,,,,,,,,,,,,
2003M09,8552,,,,,,,,,,,,762001,,,47303,,,54932,,,498570,,,1845,,,3338,,,,,,57716,,,5504,,,17011,,,58723,,,4364,,,14970,,,2977,,,15085,,,,,,,,,,,,,,,,,,,,,,,,,,,
2003M10,6815,,,,,,,,,,,,878581,,,51007,,,58477,,,591275,,,3457,,,2524,,,,,,56700,,,6004,,,14537,,,61576,,,4538,,,16670,,,2774,,,18506,,,,,,,,,,,,,,,,,,,,,,,,,,,
2003M11,5966,,,,,,,,,,,,930432,,,42929,,,51436,,,660727,,,1753,,,3336,,,,,,67542,,,6935,,,15281,,,75196,,,3403,,,19760,,,3378,,,16297,,,,,,,,,,,,,,,,,,,,,,,,,,,
2003M12,6581,,,,,,,,,,,,1021707,,,32746,,,51505,,,680381,,,1132,,,3823,,,,,,71082,,,9724,,,13897,,,73373,,,2567,,,22040,,,3510,,,11244,,,,,,,,,,,,,,,,,,,,,,,,,,,
2004M01,5743,,,,,,,,,,,,1115151,,,59645,,,54966,,,737958,,,4297,,,4636,,,,,,79717,,,9225,,,18089,,,100933,,,4006,,,31210,,,2934,,,6353,,,,,,,,,,,,,,,,,,,,,,,,,,,
2004M02,4901,,,,,,,,,,,,824619,,,37906,,,42682,,,659774,,,829,,,3289,,,,,,50903,,,6405,,,14123,,,35791,,,2042,,,23390,,,2747,,,5455,,,,,,,,,,,,,,,,,,,,,,,,,,,
2004M03,5671,,,,,,,,,,,,979338,,,55370,,,44632,,,791789,,,913,,,3524,,,,,,53481,,,6321,,,16211,,,45729,,,2443,,,17540,,,3100,,,5894,,,,,,,,,,,,,,,,,,,,,,,,,,,
2004M04,6086,,,,,,,,,,,,908741,,,56782,,,52630,,,730128,,,1278,,,3949,,,,,,75069,,,6636,,,14953,,,71917,,,3130,,,17690,,,3057,,,11939,,,,,,,,,,,,,,,,,,,,,,,,,,,
2004M05,7723,,,,,,,,,,,,972837,,,47561,,,56581,,,812561,,,2638,,,4026,,,,,,70022,,,5724,,,16623,,,55895,,,3682,,,16220,,,2424,,,13940,,,,,,,,,,,,,,,,,,,,,,,,,,,
2004M06,9688,,,,,,,,,,,,867445,,,41477,,,49838,,,733729,,,1037,,,3382,,,,,,63025,,,4752,,,16847,,,45177,,,2459,,,13930,,,2059,,,17124,,,,,,,,,,,,,,,,,,,,,,,,,,,
2004M07,12022,,,,,,,,,,,,1160530,,,56512,,,54860,,,863387,,,1830,,,3558,,,,,,92653,,,6400,,,17876,,,66386,,,2389,,,26040,,,1876,,,19686,,,,,,,,,,,,,,,,,,,,,,,,,,,
2004M08,13885,,,,,,,,,,,,1238091,,,60316,,,60832,,,894651,,,1663,,,3556,,,,,,90215,,,5742,,,20460,,,57684,,,3498,,,17410,,,2021,,,21697,,,,,,,,,,,,,,,,,,,,,,,,,,,
2004M09,11658,,,,,,,,,,,,912723,,,58031,,,51000,,,735521,,,1490,,,3929,,,,,,62125,,,6400,,,17321,,,53612,,,2555,,,16370,,,2731,,,19458,,,,,,,,,,,,,,,,,,,,,,,,,,,
2004M10,10330,,,,,,,,,,,,1079392,,,56111,,,59731,,,876742,,,2430,,,4418,,,,,,70449,,,6867,,,17251,,,63536,,,3014,,,21390,,,3617,,,19267,,,,,,,,,,,,,,,,,,,,,,,,,,,
2004M11,7781,,,,,,,,,,,,1040982,,,47522,,,51569,,,854271,,,1099,,,3935,,,,,,88228,,,9471,,,16643,,,68789,,,2679,,,24150,,,4109,,,20048,,,,,,,,,,,,,,,,,,,,,,,,,,,
2004M12,6395,,,,,,,,,,,,1146013,,,38776,,,47943,,,839228,,,1095,,,4123,,,,,,84392,,,10425,,,16147,,,64399,,,3013,,,24870,,,3543,,,11500,,,,,,,,,,,,,,,,,,,,,,,,,,,
2005M01,6274,,,,,,793,,,,,,1065487,,,48412,,,44948,,,825411,,,146,,,3289,,,,,,45823,,,6786,,,21184,,,25378,,,1813,,,37780,,,2792,,,6270,,,,,,,,,,,,,,,,,,,,,,,,,,,
2005M02,5222,,,,,,688,,,,,,1041061,,,51101,,,56652,,,832337,,,202,,,7029,,,,,,61635,,,10098,,,17709,,,39505,,,3435,,,38480,,,2579,,,7030,,,,,,,,,,,,,,,,,,,,,,,,,,,
2005M03,5562,,,,,,828,,,,,,932243,,,50649,,,48761,,,827267,,,438,,,4286,,,,,,52264,,,4925,,,17679,,,41920,,,2175,,,17170,,,2438,,,6851,,,,,,,,,,,,,,,,,,,,,,,,,,,
2005M04,6997,,,,,,782,,,,,,987091,,,56321,,,55712,,,830672,,,631,,,4896,,,,,,68835,,,6864,,,18653,,,57669,,,2725,,,18720,,,3090,,,11994,,,,,,,,,,,,,,,,,,,,,,,,,,,
2005M05,8470,,,,,,848,,,,,,972313,,,50721,,,62090,,,871889,,,754,,,4689,,,,,,62873,,,5130,,,23201,,,47955,,,3720,,,15640,,,3015,,,14728,,,,,,,,,,,,,,,,,,,,,,,,,,,
2005M06,13309,,,,,,996,,,,,,885596,,,44086,,,54329,,,803006,,,726,,,4165,,,,,,61151,,,4826,,,23262,,,47708,,,3431,,,14120,,,2681,,,18453,,,,,,,,,,,,,,,,,,,,,,,,,,,
2005M07,14389,,,,,,1184,,,,,,1147076,,,60844,,,64390,,,913283,,,1515,,,4681,,,,,,93890,,,6552,,,26597,,,93518,,,3836,,,28560,,,2759,,,21648,,,,,,,,,,,,,,,,,,,,,,,,,,,
2005M08,14084,,,,,,850,,,,,,1221159,,,65026,,,71843,,,940109,,,1482,,,4806,,,,,,101134,,,6699,,,29024,,,112868,,,3727,,,20620,,,3196,,,23058,,,,,,,,,,,,,,,,,,,,,,,,,,,
2005M09,13287,,,,,,969,,,,,,925417,,,66216,,,64351,,,797131,,,1450,,,4909,,,,,,67061,,,6094,,,25234,,,79073,,,4081,,,17120,,,4578,,,20948,,,,,,,,,,,,,,,,,,,,,,,,,,,
2005M10,11891,,,,,,881,,,,,,1115023,,,61239,,,73367,,,962702,,,1824,,,5851,,,,,,74502,,,6693,,,25450,,,78888,,,3825,,,19310,,,4829,,,19414,,,,,,,,,,,,,,,,,,,,,,,,,,,
2005M11,9628,,,,,,841,,,,,,1070488,,,52670,,,58032,,,934132,,,1071,,,5280,,,,,,88707,,,11408,,,21265,,,80808,,,4867,,,29060,,,5726,,,14326,,,,,,,,,,,,,,,,,,,,,,,,,,,
2005M12,8377,,,,,,909,,,,,,1178446,,,45535,,,55768,,,925027,,,1370,,,5272,,,,,,79945,,,11775,,,21014,,,71502,,,4193,,,26150,,,4844,,,12057,,,,,,,,,,,,,,,,,,,,,,,,,,,
2006M01,6860,,,,,,623,,,,,,1324888,,,68854,,,55280,,,927727,,,2852,,,5927,,,,,,81734,,,8788,,,27032,,,91050,,,3342,,,32210,,,3280,,,7204,,,,,,,,,,,,,,,,,,,,,,,,,,,
2006M02,6038,,,,,,795,,,,,,1141391,,,55842,,,59902,,,1006275,,,1985,,,7544,,,,,,96562,,,8470,,,17549,,,89650,,,3004,,,35040,,,2887,,,8355,,,,,,,,,,,,,,,,,,,,,,,,,,,
2006M03,7120,,,,,,995,,,,,,1125564,,,70491,,,64902,,,1043761,,,1376,,,6090,,,,,,91092,,,7475,,,20507,,,98204,,,3408,,,21350,,,3151,,,8172,,,,,,,,,,,,,,,,,,,,,,,,,,,
2006M04,8799,,,,,,682,,,,,,1109401,,,73932,,,86031,,,990066,,,1479,,,6927,,,,,,97423,,,9724,,,24281,,,91946,,,3419,,,24180,,,4592,,,13918,,,,,,,,,,,,,,,,,,,,,,,,,,,
2006M05,12048,,,,,,848,,,,,,1045744,,,64298,,,73345,,,980710,,,2406,,,5050,,,,,,78594,,,7990,,,26202,,,74005,,,5193,,,19810,,,4884,,,15964,,,,,,,,,,,,,,,,,,,,,,,,,,,
2006M06,14596,,,,,,846,,,,,,959404,,,51243,,,67933,,,876916,,,1595,,,5082,,,,,,71213,,,5310,,,26193,,,70764,,,4943,,,16730,,,3656,,,18432,,,,,,,,,,,,,,,,,,,,,,,,,,,
2006M07,19452,,,,,,1205,,,,,,1196987,,,81476,,,83137,,,950338,,,2230,,,5792,,,,,,113127,,,7440,,,33874,,,88903,,,4481,,,31740,,,3892,,,21767,,,,,,,,,,,,,,,,,,,,,,,,,,,
2006M08,17541,,,,,,926,,,,,,1364825,,,81117,,,95039,,,1018955,,,2244,,,6527,,,,,,103459,,,7665,,,32440,,,84507,,,4264,,,22980,,,3806,,,19595,,,,,,,,,,,,,,,,,,,,,,,,,,,
2006M09,18701,,,,,,1042,,,,,,930532,,,75161,,,89708,,,917383,,,2262,,,7370,,,,,,63550,,,8106,,,32406,,,58038,,,5386,,,21440,,,6736,,,18913,,,,,,,,,,,,,,,,,,,,,,,,,,,
2006M10,13591,,,,,,1196,,,,,,1083361,,,76381,,,86015,,,1061697,,,3090,,,7376,,,,,,70690,,,8338,,,29735,,,49880,,,4765,,,23470,,,6456,,,19064,,,,,,,,,,,,,,,,,,,,,,,,,,,
2006M11,10153,,,,,,1377,,,,,,1043726,,,62997,,,73086,,,1069214,,,2382,,,7526,,,,,,88343,,,13618,,,26979,,,82163,,,5814,,,29420,,,7066,,,14939,,,,,,,,,,,,,,,,,,,,,,,,,,,
2006M12,9702,,,,,,1526,,,,,,1265519,,,49883,,,62591,,,1142575,,,2495,,,9329,,,,,,81414,,,12792,,,23252,,,70007,,,5175,,,27200,,,4518,,,10357,,,,,,,,,,,,,,,,,,,,,,,,,,,
2007M01,7953,,,,,,932,,,,,,1210562,,,63093,,,56885,,,1155685,,,1855,,,8693,,,,,,76116,,,9576,,,32021,,,64494,,,3371,,,28110,,,3522,,,7077,,,,,,,,,,,,,,,,,,,,,,,,,,,
2007M02,7294,,,,,,837,,,,,,1481029,,,75246,,,76928,,,1238058,,,4591,,,12944,,,,,,111934,,,14927,,,24728,,,92237,,,4769,,,53620,,,3925,,,7746,,,,,,,,,,,,,,,,,,,,,,,,,,,
2007M03,7444,,,,,,1400,,,,,,1086645,,,84323,,,73847,,,1182882,,,1647,,,8978,,,,,,79239,,,8878,,,25958,,,59930,,,3960,,,31630,,,2876,,,6437,,,,,,,,,,,,,,,,,,,,,,,,,,,
2007M04,9216,,,,,,1218,,,,,,1089240,,,79778,,,83293,,,1141725,,,1981,,,10221,,,,,,99136,,,10925,,,27571,,,78385,,,6264,,,26560,,,4052,,,14483,,,,,,,,,,,,,,,,,,,,,,,,,,,
2007M05,12815,,,,,,1293,,,,,,1212715,,,70212,,,83845,,,1191167,,,3505,,,9432,,,,,,85198,,,7686,,,32712,,,66692,,,6046,,,19590,,,4107,,,13669,,,,,,,,,,,,,,,,,,,,,,,,,,,
2007M06,15806,,,,,,1375,,,,,,1019524,,,61800,,,78664,,,994683,,,2722,,,7417,,,,,,77239,,,6650,,,32585,,,62521,,,4825,,,19190,,,4454,,,17491,,,,,,,,,,,,,,,,,,,,,,,,,,,
2007M07,21048,,,,,,1909,,,,,,1390554,,,101370,,,95666,,,1180053,,,3159,,,7943,,,,,,108881,,,7728,,,43288,,,78142,,,5269,,,32930,,,5014,,,18256,,,,,,,,,,,,,,,,,,,,,,,,,,,
2007M08,18420,,,,,,1442,,,,,,1685555,,,99355,,,120504,,,1345288,,,3996,,,8614,,,,,,114463,,,9020,,,44194,,,80323,,,6041,,,29090,,,4566,,,22901,,,,,,,,,,,,,,,,,,,,,,,,,,,
2007M09,18362,,,,,,1724,,,,,,1136325,,,93068,,,105324,,,1221331,,,3450,,,8673,,,,,,76181,,,8234,,,40170,,,72430,,,6453,,,23360,,,6456,,,19571,,,,,,,,,,,,,,,,,,,,,,,,,,,
2007M10,13453,,,,,,1642,,,,,,1359194,,,91186,,,109810,,,1367321,,,4097,,,11459,,,,,,83831,,,9568,,,34510,,,75310,,,6180,,,25410,,,5663,,,19004,,,,,,,,,,,,,,,,,,,,,,,,,,,
2007M11,10225,,,,,,1750,,,,,,1291307,,,69597,,,93621,,,1401378,,,2302,,,11278,,,,,,103906,,,13896,,,31025,,,91479,,,6060,,,34760,,,6494,,,13575,,,,,,,,,,,,,,,,,,,,,,,,,,,
2007M12,10164,,,,,,1967,,,,,,1523139,,,53411,,,90538,,,1446820,,,2671,,,12765,,,,,,97832,,,13716,,,28643,,,85174,,,4646,,,30360,,,5455,,,10913,,,,,,,,,,,,,,,,,,,,,,,,,,,
2008M01,9118,,,,,,1263,,,,,,1441667,,,84038,,,80677,,,1051338,,,2569,,,11009,,,,,,108486,,,10817,,,42741,,,84859,,,3351,,,35390,,,4200,,,7103,,,,,,,,,,,,,,,,,,,,,,,,,,,
2008M02,8852,,,,,,1339,,,,,,1442302,,,85134,,,109623,,,1062733,,,5638,,,17200,,,,,,121031,,,15433,,,31717,,,113990,,,5704,,,55920,,,4203,,,8437,,,,,,,,,,,,,,,,,,,,,,,,,,,
2008M03,8296,,,,,,1536,,,,,,1269673,,,90850,,,104662,,,1099150,,,2065,,,12402,,,,,,98180,,,10650,,,34930,,,89206,,,4743,,,29640,,,3967,,,8209,,,,,,,,,,,,,,,,,,,,,,,,,,,
2008M04,9987,,,,,,1925,,,,,,1305002,,,103013,,,97721,,,1037648,,,2408,,,11767,,,,,,107639,,,11352,,,37388,,,101631,,,5278,,,35330,,,4862,,,12418,,,,,,,,,,,,,,,,,,,,,,,,,,,
2008M05,14143,,,,,,1522,,,,,,1290806,,,74637,,,91110,,,1081184,,,3631,,,9804,,,,,,86785,,,8360,,,45299,,,81564,,,6223,,,23030,,,5971,,,17886,,,,,,,,,,,,,,,,,,,,,,,,,,,
2008M06,16433,,,,,,1220,,,,,,1145551,,,61355,,,75460,,,869485,,,3133,,,7604,,,,,,70565,,,5054,,,41029,,,61970,,,5172,,,17980,,,4614,,,13769,,,,,,,,,,,,,,,,,,,,,,,,,,,
2008M07,22656,,,,,,1827,,,30323,,,1660243,,,101192,,,101061,,,1054528,,,3903,,,8350,,,,,,105528,,,6816,,,50594,,,81417,,,5670,,,34370,,,3574,,,24034,,,,,,,,,,,,,,,,,,,,,,,,,,,
2008M08,18032,,,,,,1699,,,29281,,,1699309,,,92976,,,115042,,,964682,,,3440,,,8584,,,,,,91325,,,6446,,,55426,,,68860,,,4210,,,21830,,,2613,,,15013,,,,,,,,,,,,,,,,,,,,,,,,,,,
2008M09,18793,,,,,,1501,,,33251,,,1249545,,,93921,,,112988,,,756698,,,4724,,,9995,,,,,,66582,,,5497,,,49184,,,34147,,,4704,,,19290,,,6389,,,15277,,,,,,,,,,,,,,,,,,,,,,,,,,,
2008M10,13152,,,,,,1527,,,34780,,,1373910,,,86570,,,104710,,,891031,,,4286,,,10754,,,,,,76836,,,6552,,,37264,,,41020,,,5677,,,21130,,,5490,,,14957,,,,,,,,,,,,,,,,,,,,,,,,,,,
2008M11,9894,,,,,,2044,,,35238,,,1363167,,,73131,,,88916,,,886936,,,3101,,,10495,,,,,,79096,,,11462,,,33916,,,43987,,,6070,,,28890,,,4665,,,10413,,,,,,,,,,,,,,,,,,,,,,,,,,,
2008M12,10571,,,,,,2500,,,35114,,,1620828,,,53599,,,85921,,,857758,,,2613,,,11662,,,,,,66689,,,13959,,,33470,,,24009,,,5080,,,31560,,,3686,,,8674,,,,,,,,,,,,,,,,,,,,,,,,,,,
2009M01,11116,,,,,,1483,,,43995,,,1892336,,,110262,,,93007,,,951395,,,5912,,,16893,,,,,,105144,,,14252,,,58378,,,57329,,,5436,,,54160,,,6005,,,7629,,,,,,,,,,,,,,,,,,,,,,,,,,,
2009M02,9333,,,,,,1823,,,42248,,,1345291,,,62981,,,127979,,,829436,,,2682,,,12067,,,,,,80037,,,12075,,,27692,,,53106,,,4169,,,46470,,,2362,,,5533,,,,,,,,,,,,,,,,,,,,,,,,,,,
2009M03,9612,,,,,,2108,,,87002,,,1438182,,,100951,,,111915,,,977479,,,2363,,,9508,,,,,,91275,,,11640,,,33123,,,79362,,,5601,,,33940,,,2409,,,8653,,,,,,,,,,,,,,,,,,,,,,,,,,,
2009M04,11025,,,,,,1512,,,131464,,,1406500,,,106816,,,107872,,,897335,,,3417,,,10204,,,,,,86525,,,10670,,,37288,,,70021,,,5974,,,30720,,,4361,,,14732,,,,,,,,,,,,,,,,,,,,,,,,,,,
2009M05,13090,,,,,,310,,,110244,,,1167230,,,60530,,,86392,,,791394,,,3706,,,7781,,,,,,52058,,,5616,,,32991,,,36425,,,6614,,,18700,,,2499,,,17114,,,,,,,,,,,,,,,,,,,,,,,,,,,
2009M06,15009,,,,,,676,,,57472,,,1012386,,,36597,,,77830,,,680894,,,3226,,,5695,,,,,,41650,,,2556,,,33737,,,35370,,,5547,,,14110,,,1620,,,13228,,,,,,,,,,,,,,,,,,,,,,,,,,,
2009M07,18745,,,,,,1031,,,70157,,,1432740,,,67944,,,107490,,,852167,,,5206,,,7987,,,,,,72326,,,4140,,,44867,,,47991,,,5969,,,30190,,,2129,,,16564,,,,,,,,,,,,,,,,,,,,,,,,,,,
2009M08,20151,,,,,,1245,,,80883,,,1855907,,,109017,,,160424,,,1050357,,,6197,,,10513,,,,,,86530,,,4578,,,74798,,,63700,,,5330,,,23020,,,3050,,,18644,,,,,,,,,,,,,,,,,,,,,,,,,,,
2009M09,19706,,,,,,1365,,,64386,,,1326110,,,98697,,,126793,,,878479,,,6141,,,10089,,,,,,59588,,,6342,,,56886,,,64231,,,5840,,,22630,,,4580,,,16101,,,,,,,,,,,,,,,,,,,,,,,,,,,
2009M10,13857,,,,,,1529,,,78175,,,1686686,,,108301,,,138898,,,1053497,,,10805,,,11904,,,,,,83273,,,7636,,,44277,,,83256,,,6588,,,26750,,,5407,,,17541,,,,,,,,,,,,,,,,,,,,,,,,,,,
2009M11,8868,,,,,,1796,,,113807,,,1544531,,,81462,,,102329,,,1016411,,,6286,,,12253,,,,,,90358,,,11063,,,38269,,,93030,,,6335,,,31210,,,3814,,,10051,,,,,,,,,,,,,,,,,,,,,,,,,,,
2009M12,10321,,,,,,2342,,,92290,,,1848832,,,62527,,,101388,,,1010689,,,4725,,,13316,,,,,,87983,,,11691,,,42511,,,93687,,,5933,,,30790,,,3688,,,9389,,,,,,,,,,,,,,,,,,,,,,,,,,,
2010M01,9686,,,,,,1635,,,86891,,,1907827,,,92120,,,91252,,,1131660,,,6069,,,13472,,,,,,98918,,,9425,,,67351,,,106920,,,3627,,,36830,,,3803,,,5843,,,,,,,,,,,,,,,,,,,,,,,,,,,
2010M02,10239,,,,,,1575,,,107628,,,2009922,,,121494,,,140571,,,1145320,,,13345,,,20771,,,,,,143050,,,16975,,,51496,,,152717,,,6377,,,72940,,,7296,,,7675,,,,,,,,,,,,,,,,,,,,,,,,,,,
2010M03,10013,,,,,,2522,,,149617,,,1631163,,,123314,,,141457,,,1057395,,,6144,,,14698,,,,,,88031,,,9828,,,45323,,,74267,,,5702,,,35130,,,3193,,,8978,,,,,,,,,,,,,,,,,,,,,,,,,,,
2010M04,11160,,,,,,2234,,,180915,,,1660538,,,150788,,,147680,,,1052610,,,7060,,,14455,,,,,,91701,,,10272,,,49694,,,52859,,,5887,,,32220,,,4493,,,13200,,,,,,,,,,,,,,,,,,,,,,,,,,,
2010M05,15111,,,,,,2358,,,179394,,,1713687,,,112558,,,154066,,,1135430,,,8964,,,11162,,,,,,71628,,,7740,,,60860,,,35833,,,7653,,,25910,,,5624,,,16537,,,,,,,,,,,,,,,,,,,,,,,,,,,
2010M06,20422,,,,,,1898,,,135603,,,1564062,,,103706,,,150119,,,985127,,,8615,,,9777,,,,,,69080,,,5500,,,66178,,,49110,,,6542,,,22820,,,5177,,,18518,,,,,,,,,,,,,,,,,,,,,,,,,,,
2010M07,28074,,,,,,2733,,,129160,,,2011837,,,164944,,,195188,,,1142017,,,12449,,,14306,,,,,,117775,,,8040,,,85850,,,90223,,,6124,,,47700,,,4477,,,22256,,,,,,,,,,,,,,,,,,,,,,,,,,,
2010M08,27806,,,,,,2683,,,118616,,,2369813,,,171503,,,241987,,,1263442,,,14998,,,15658,,,,,,130566,,,9746,,,111891,,,123591,,,6950,,,36790,,,4450,,,24076,,,,,,,,,,,,,,,,,,,,,,,,,,,
2010M09,22807,,,,,,2174,,,105707,,,1626556,,,137333,,,176196,,,894807,,,13028,,,13530,,,,,,74434,,,7480,,,81222,,,100621,,,7543,,,29080,,,6601,,,22795,,,,,,,,,,,,,,,,,,,,,,,,,,,
2010M10,16596,,,,,,2401,,,150221,,,2035735,,,106237,,,181428,,,1124061,,,13476,,,16331,,,,,,92600,,,8650,,,69389,,,99131,,,7458,,,28790,,,7132,,,19805,,,,,,,,,,,,,,,,,,,,,,,,,,,
2010M11,10867,,,,,,2926,,,165065,,,1878060,,,68385,,,136152,,,1096865,,,8313,,,16738,,,,,,93998,,,14875,,,53676,,,111970,,,7102,,,42210,,,4884,,,12725,,,,,,,,,,,,,,,,,,,,,,,,,,,
2010M12,12198,,,,,,3259,,,121918,,,2275188,,,60493,,,119061,,,1200324,,,6500,,,16738,,,,,,99556,,,14181,,,58808,,,124977,,,6177,,,41390,,,4325,,,9874,,,,,,,,,,,,,,,,,,,,,,,,,,,
2011M01,13274,,,,,,2217,,,101354,,,2503151,,,99131,,,113927,,,1220534,,,12367,,,21927,,,,,,132040,,,14550,,,103137,,,143477,,,5774,,,59880,,,5849,,,6806,,,,,,,,,,,,,,,,,,,,,,,,,,,
2011M02,10751,,,,,,2497,,,115845,,,2008173,,,105362,,,157019,,,1204301,,,18759,,,26259,,,,,,149941,,,18000,,,63619,,,183163,,,6203,,,77980,,,6542,,,12020,,,,,,,,,,,,,,,,,,,,,,,,,,,
2011M03,10864,,,,,,3477,,,153649,,,2009130,,,62449,,,163261,,,1254117,,,8968,,,18650,,,,,,129749,,,10530,,,56951,,,148236,,,8020,,,41330,,,3655,,,11913,,,,,,,,,,,,,,,,,,,,,,,,,,,
2011M04,12719,,,,,,2592,,,193457,,,2136896,,,76164,,,153875,,,1270753,,,10165,,,18339,,,,,,131797,,,10296,,,63664,,,138042,,,7141,,,35080,,,4624,,,22496,,,,,,,,,,,,,,,,,,,,,,,,,,,
2011M05,18554,,,,,,2923,,,150479,,,2115413,,,58608,,,152347,,,1326627,,,14889,,,14356,,,,,,110920,,,8560,,,88889,,,134825,,,8201,,,30210,,,7844,,,25527,,,,,,,,,,,,,,,,,,,,,,,,,,,
2011M06,25108,,,,,,2664,,,114435,,,1924603,,,61419,,,179508,,,1198754,,,15410,,,14244,,,,,,103335,,,6740,,,85309,,,124605,,,8196,,,27930,,,5899,,,26073,,,,,,,,,,,,,,,,,,,,,,,,,,,
2011M07,36412,,,,,,2988,,,135968,,,2677326,,,86963,,,244573,,,1460473,,,23176,,,22241,,,,,,183862,,,9696,,,139478,,,179076,,,9480,,,53940,,,6614,,,35108,,,,,,,,,,,,,,,,,,,,,,,,,,,
2011M08,35772,,,,,,3063,,,138673,,,2914914,,,102640,,,276299,,,1571015,,,22827,,,22476,,,,,,183890,,,11504,,,154686,,,193881,,,8143,,,44350,,,7321,,,35053,,,,,,,,,,,,,,,,,,,,,,,,,,,
2011M09,28324,,,,,,2963,,,122574,,,2094360,,,112493,,,231462,,,1246256,,,20107,,,19041,,,,,,104211,,,8048,,,113528,,,153305,,,11492,,,34110,,,10481,,,29164,,,,,,,,,,,,,,,,,,,,,,,,,,,
2011M10,21426,,,,,,2988,,,163290,,,2542465,,,106174,,,214681,,,1466545,,,22595,,,20817,,,,,,133563,,,10624,,,90206,,,149088,,,9877,,,37720,,,8728,,,26825,,,,,,,,,,,,,,,,,,,,,,,,,,,
2011M11,13870,,,,,,3622,,,213144,,,2343939,,,92154,,,174164,,,1460992,,,16897,,,22126,,,,,,100824,,,18560,,,73684,,,67651,,,7628,,,50480,,,7179,,,15547,,,,,,,,,,,,,,,,,,,,,,,,,,,
2011M12,16618,,,,,,4884,,,181317,,,2829759,,,79688,,,159080,,,1482380,,,12495,,,26721,,,,,,113390,,,18416,,,79136,,,105898,,,6546,,,47530,,,7002,,,13412,,,,,,,,,,,,,,,,,,,,,,,,,,,
2012M01,19166,,,890,,,3360,,,140432,,,3101578,,,138351,,,167022,,,1494877,,,28008,,,35398,,,,,,201741,,,23344,,,161730,,,222773,,,7368,,,77400,,,14057,,,15648,,,9107,,,,,,,,,,,,,,,,,,,,,,,,
2012M02,11601,,,934,,,2864,,,163442,,,2296814,,,82667,,,173790,,,1285266,,,12237,,,27079,,,,,,158002,,,15280,,,66041,,,158742,,,5349,,,67650,,,5704,,,11573,,,8394,,,,,,,,,,,,,,,,,,,,,,,,
2012M03,13159,,,1040,,,5020,,,253205,,,2497061,,,130293,,,183691,,,1447564,,,6417,,,26375,,,,,,182348,,,19200,,,84185,,,198767,,,7843,,,54400,,,5499,,,14227,,,10751,,,,,,,,,,,,,,,,,,,,,,,,
2012M04,15997,,,1154,,,3291,,,278715,,,2647026,,,149542,,,222114,,,1391119,,,10523,,,23731,,,,,,173543,,,18192,,,100429,,,214689,,,9155,,,47360,,,9600,,,27678,,,17670,,,,,,,,,,,,,,,,,,,,,,,,
2012M05,22630,,,952,,,3552,,,228607,,,2525600,,,113349,,,210439,,,1271540,,,16154,,,19386,,,,,,139946,,,12928,,,118026,,,192642,,,10491,,,35040,,,11911,,,33749,,,24155,,,,,,,,,,,,,,,,,,,,,,,,
2012M06,30797,,,893,,,3637,,,199642,,,2514688,,,125943,,,230124,,,1220846,,,17809,,,19918,,,,,,122630,,,9696,,,121226,,,180481,,,10482,,,33830,,,10190,,,36446,,,24884,,,,,,,,,,,,,,,,,,,,,,,,
2012M07,45308,,,731,,,3521,,,235447,,,3264385,,,204152,,,322917,,,1456351,,,27653,,,27364,,,,,,201649,,,12112,,,152607,,,263412,,,11285,,,60780,,,11443,,,46824,,,36180,,,,,,,,,,,,,,,,,,,,,,,,
2012M08,41464,,,1078,,,3269,,,205002,,,3727949,,,190143,,,359065,,,1635080,,,25138,,,28366,,,,,,206606,,,14368,,,211652,,,278182,,,10879,,,51980,,,10486,,,48939,,,33573,,,,,,,,,,,,,,,,,,,,,,,,
2012M09,29972,,,793,,,3818,,,185922,,,2751427,,,121550,,,283402,,,1255962,,,25178,,,26819,,,,,,128773,,,14048,,,151130,,,231560,,,13820,,,43610,,,12130,,,41009,,,26589,,,,,,,,,,,,,,,,,,,,,,,,
2012M10,24922,,,1060,,,3675,,,224872,,,3064966,,,69631,,,279440,,,1445420,,,26301,,,30892,,,,,,170528,,,15344,,,111714,,,262432,,,10502,,,44860,,,11125,,,41181,,,28984,,,,,,,,,,,,,,,,,,,,,,,,
2012M11,14226,,,1375,,,5221,,,242967,,,3040360,,,51898,,,204533,,,1503158,,,18450,,,32592,,,,,,177098,,,21824,,,87084,,,294518,,,9201,,,57170,,,7100,,,20576,,,14460,,,,,,,,,,,,,,,,,,,,,,,,
2012M12,19036,,,1188,,,6582,,,228175,,,3479541,,,52336,,,195997,,,1495227,,,15683,,,35974,,,,,,170336,,,20688,,,99679,,,288662,,,8207,,,54020,,,7622,,,16807,,,14164,,,,,,,,,,,,,,,,,,,,,,,,
2013M01,16346,,,963,,,3757,,,195388,,,3526182,,,72301,,,196371,,,1473785,,,19208,,,39961,,,53203,,,189107,,,18768,,,173113,,,339067,,,5978,,,58320,,,9550,,,8607,,,8288,,,,,,,,,,,,,,,,,,,,,,,,
2013M02,20850,,,871,,,3551,,,216021,,,3132415,,,80903,,,249698,,,1508599,,,33592,,,55482,,,87018,,,252958,,,31536,,,122672,,,464975,,,9831,,,112060,,,14595,,,16815,,,11018,,,,,,,,,,,,,,,,,,,,,,,,
2013M03,15175,,,1078,,,8586,,,269455,,,2842002,,,102265,,,276479,,,1431810,,,17770,,,42340,,,54359,,,205790,,,20736,,,103531,,,372875,,,9576,,,63110,,,6460,,,18837,,,15651,,,,,,,,,,,,,,,,,,,,,,,,
2013M04,18381,,,974,,,3740,,,298059,,,3110141,,,100160,,,335069,,,1536262,,,20329,,,36371,,,54110,,,227867,,,24784,,,113835,,,427780,,,11852,,,58900,,,9893,,,31966,,,18033,,,,,,,,,,,,,,,,,,,,,,,,
2013M05,27874,,,882,,,4619,,,217260,,,3053892,,,81571,,,278723,,,1491231,,,23613,,,28273,,,52632,,,198421,,,16832,,,150344,,,383292,,,12955,,,45400,,,13155,,,40439,,,24469,,,,,,,,,,,,,,,,,,,,,,,,
2013M06,37614,,,913,,,4046,,,220894,,,3150563,,,98996,,,399031,,,1464665,,,28007,,,28570,,,62669,,,166884,,,11680,,,155402,,,370064,,,13550,,,39420,,,11261,,,43810,,,32829,,,,,,,,,,,,,,,,,,,,,,,,
2013M07,52690,,,769,,,4137,,,248683,,,3777462,,,139905,,,569787,,,1660096,,,36551,,,36509,,,71815,,,248635,,,15168,,,234125,,,458683,,,13039,,,73130,,,11880,,,58687,,,39862,,,,,,,,,,,,,,,,,,,,,,,,
2013M08,56880,,,831,,,4716,,,240490,,,4224639,,,162288,,,642258,,,1881588,,,35814,,,38043,,,70006,,,242256,,,17776,,,267949,,,476765,,,12574,,,61540,,,11736,,,53769,,,34256,,,,,,,,,,,,,,,,,,,,,,,,
2013M09,40193,,,751,,,3954,,,270788,,,3283859,,,156201,,,483518,,,1502723,,,35026,,,34345,,,69392,,,179130,,,21200,,,184267,,,455202,,,15073,,,58340,,,12546,,,49198,,,29873,,,,,,,,,,,,,,,,,,,,,,,,
2013M10,26367,,,995,,,4061,,,221004,,,3406001,,,121335,,,343273,,,1514373,,,35041,,,36676,,,58717,,,117955,,,13568,,,125841,,,299982,,,11746,,,43010,,,9410,,,42630,,,28748,,,,,,,,,,,,,,,,,,,,,,,,
2013M11,16664,,,1210,,,6040,,,236031,,,3348121,,,177949,,,276428,,,1546641,,,26008,,,40691,,,61763,,,119618,,,18384,,,110389,,,323222,,,11253,,,51970,,,6347,,,23892,,,17998,,,,,,,,,,,,,,,,,,,,,,,,
2013M12,23562,,,1059,,,9331,,,240629,,,3890000,,,96572,,,276234,,,1620434,,,20760,,,45862,,,52237,,,121232,,,18496,,,130565,,,265428,,,11449,,,55560,,,8176,,,19859,,,17092,,,,,,,,,,,,,,,,,,,,,,,,
2014M01,26764,,,869,,,5091,,,266881,,,4347400,,,155605,,,296708,,,1689277,,,30612,,,51200,,,88583,,,188237,,,30128,,,231311,,,357034,,,9524,,,97720,,,15527,,,16884,,,10522,,,,,,,,,,,,,,,,,,,,,,,,
2014M02,21720,,,908,,,5053,,,303038,,,3458215,,,138236,,,326295,,,1714776,,,33213,,,61597,,,96794,,,203595,,,28496,,,121639,,,360023,,,10985,,,105950,,,13008,,,22273,,,12741,,,,,,,,,,,,,,,,,,,,,,,,
2014M03,18386,,,1154,,,10838,,,361150,,,3601086,,,184064,,,423768,,,1769408,,,23705,,,50071,,,71927,,,165634,,,23200,,,128611,,,319881,,,13151,,,70130,,,7892,,,28956,,,14802,,,,,,,,,,,,,,,,,,,,,,,,
2014M04,22329,,,1195,,,4734,,,377197,,,3568064,,,190558,,,531947,,,1743776,,,24034,,,41870,,,67030,,,126470,,,24448,,,139847,,,332819,,,17629,,,61120,,,11585,,,40697,,,23986,,,,,,,,,,,,,,,,,,,,,,,,
2014M05,36877,,,857,,,5550,,,333845,,,3452734,,,165784,,,517031,,,1699778,,,29685,,,35919,,,55581,,,95951,,,17040,,,185562,,,302823,,,20331,,,49080,,,15885,,,45279,,,30506,,,,,,,,,,,,,,,,,,,,,,,,
2014M06,47743,,,656,,,4750,,,315166,,,3395330,,,173046,,,573852,,,1597289,,,30000,,,34373,,,71887,,,91429,,,12592,,,187602,,,220497,,,18149,,,46180,,,13387,,,46878,,,37833,,,,,,,,,,,,,,,,,,,,,,,,
2014M07,71622,,,662,,,5398,,,343709,,,4261796,,,281309,,,692053,,,1871599,,,43269,,,43215,,,97131,,,180495,,,18144,,,282297,,,360231,,,17872,,,83430,,,17220,,,68147,,,49311,,,,,,,,,,,,,,,,,,,,,,,,
2014M08,74605,,,727,,,5430,,,312549,,,4896001,,,253802,,,757683,,,2131498,,,37895,,,46637,,,96550,,,173899,,,19936,,,314081,,,449670,,,18313,,,73870,,,15441,,,64859,,,44836,,,,,,,,,,,,,,,,,,,,,,,,
2014M09,49913,,,580,,,4379,,,341729,,,3681736,,,220797,,,564078,,,1595485,,,34425,,,42448,,,82519,,,105707,,,18368,,,214186,,,424461,,,23677,,,62330,,,16150,,,50399,,,38651,,,,,,,,,,,,,,,,,,,,,,,,
2014M10,35826,,,1022,,,4945,,,347778,,,4027944,,,223214,,,562278,,,1824719,,,33828,,,48135,,,85640,,,133946,,,19552,,,145993,,,500666,,,19076,,,59110,,,12061,,,54617,,,40851,,,,,,,,,,,,,,,,,,,,,,,,
2014M11,20071,,,1255,,,7615,,,332517,,,4155524,,,236520,,,460671,,,1975951,,,24729,,,52395,,,70083,,,131665,,,27184,,,124575,,,512856,,,16352,,,70590,,,9871,,,30948,,,18164,,,,,,,,,,,,,,,,,,,,,,,,
2014M12,28174,,,1133,,,11882,,,346941,,,4401845,,,189973,,,420501,,,1638854,,,18231,,,52475,,,75506,,,124537,,,25776,,,149083,,,495337,,,14687,,,71520,,,11691,,,27988,,,22035,,,,,,,,,,,,,,,,,,,,,,,,
2015M01,24022,,,997,,,3411,,,321458,,,4490420,,,226214,,,394345,,,1669652,,,20469,,,53165,,,80842,,,140548,,,25680,,,220972,,,561925,,,10243,,,74160,,,10476,,,19447,,,11529,,,,,,,,,,,,,,,,,,,,,,,,
2015M02,34282,,,886,,,4025,,,406239,,,4551825,,,359080,,,516787,,,1898650,,,43349,,,70965,,,137181,,,238011,,,55968,,,202542,,,780549,,,19116,,,165510,,,22112,,,32988,,,17787,,,,,,,,,,,,,,,,,,,,,,,,
2015M03,22778,,,1290,,,6738,,,279703,,,3240825,,,338200,,,515130,,,1457641,,,25069,,,62996,,,82687,,,130827,,,30864,,,153262,,,663571,,,18691,,,83780,,,10386,,,37122,,,19844,,,,,,,,,,,,,,,,,,,,,,,,
2015M04,26269,,,1244,,,3812,,,358798,,,3604713,,,335140,,,641610,,,1632673,,,26398,,,54800,,,79000,,,153784,,,31024,,,161774,,,701169,,,25652,,,73360,,,12747,,,56461,,,31656,,,,,,,,,,,,,,,,,,,,,,,,
2015M05,38802,,,1164,,,4418,,,372766,,,3625308,,,387170,,,618083,,,1690987,,,30864,,,47684,,,70803,,,141375,,,24704,,,225832,,,668079,,,32368,,,62710,,,18759,,,70834,,,45746,,,,,,,,,,,,,,,,,,,,,,,,
2015M06,47728,,,773,,,3472,,,308087,,,3333433,,,462248,,,315095,,,1435189,,,31965,,,45432,,,91038,,,144533,,,16176,,,215206,,,632889,,,38728,,,55590,,,17048,,,77752,,,62275,,,,,,,,,,,,,,,,,,,,,,,,
2015M07,79233,,,989,,,5921,,,352625,,,3845273,,,576868,,,255632,,,1757167,,,41527,,,60710,,,117139,,,246819,,,20016,,,319205,,,775896,,,40102,,,95300,,,15861,,,101613,,,71735,,,,,,,,,,,,,,,,,,,,,,,,
2015M08,73230,,,1230,,,6772,,,367736,,,4550148,,,591510,,,513275,,,2095013,,,40850,,,65766,,,120658,,,267122,,,25120,,,360291,,,800596,,,35201,,,85940,,,16512,,,100882,,,67035,,,,,,,,,,,,,,,,,,,,,,,,
2015M09,60723,,,1106,,,6684,,,345243,,,3509432,,,491201,,,591242,,,1572868,,,32198,,,51503,,,94549,,,149929,,,25840,,,271200,,,532696,,,34628,,,77030,,,15893,,,77048,,,52750,,,,,,,,,,,,,,,,,,,,,,,,
2015M10,36950,,,1817,,,6945,,,386663,,,3857524,,,445600,,,650174,,,1817212,,,30714,,,60266,,,93091,,,165649,,,27040,,,180054,,,566164,,,28143,,,76530,,,13440,,,74838,,,49383,,,,,,,,,,,,,,,,,,,,,,,,
2015M11,19350,,,1747,,,10086,,,357655,,,3512410,,,362950,,,507579,,,1726859,,,19856,,,56499,,,77353,,,158736,,,36736,,,146552,,,615407,,,17424,,,87900,,,8673,,,38281,,,25853,,,,,,,,,,,,,,,,,,,,,,,,
2015M12,30460,,,2161,,,16307,,,327129,,,3721049,,,347034,,,465218,,,1656704,,,16255,,,64926,,,76725,,,168831,,,36736,,,171680,,,637858,,,13408,,,94090,,,11613,,,27853,,,22896,,,,,,,,,,,,,,,,,,,,,,,,
2016M01,30567,,,1598,,,8547,,,366409,,,4043000,,,475115,,,521981,,,1658634,,,23241,,,66764,,,108563,,,229150,,,40848,,,295621,,,814693,,,11330,,,115290,,,13419,,,21246,,,15857,,,,,,,,,,,,,,,,,,,,,,,,
2016M02,35209,,,1866,,,9311,,,405307,,,3367736,,,498903,,,546408,,,1799522,,,34330,,,81032,,,159371,,,277926,,,53152,,,210772,,,958201,,,13569,,,175010,,,18122,,,32158,,,22857,,,,,,,,,,,,,,,,,,,,,,,,
2016M03,23296,,,1941,,,15143,,,363878,,,3017173,,,498053,,,601671,,,1483813,,,21741,,,69417,,,97014,,,241230,,,40448,,,178966,,,856683,,,14572,,,102650,,,9418,,,41193,,,30212,,,,,,,,,,,,,,,,,,,,,,,,
2016M04,32575,,,1888,,,8623,,,375567,,,3459000,,,514866,,,682318,,,1651662,,,24794,,,57623,,,103744,,,269560,,,43392,,,185609,,,816029,,,12818,,,97900,,,13062,,,57463,,,32694,,,,,,,,,,,,,,,,,,,,,,,,
2016M05,48127,,,1429,,,9661,,,327254,,,3322758,,,507095,,,705844,,,1631164,,,25005,,,50370,,,105207,,,234089,,,29024,,,244428,,,738601,,,16796,,,71990,,,20164,,,73727,,,52578,,,,,,,,,,,,,,,,,,,,,,,,
2016M06,70972,,,1311,,,8081,,,271478,,,3206043,,,582452,,,758534,,,1516599,,,28653,,,53531,,,111175,,,221614,,,18576,,,252119,,,715411,,,16973,,,66050,,,18298,,,76914,,,61897,,,,,,,,,,,,,,,,,,,,,,,,
2016M07,97903,,,1544,,,7457,,,299642,,,3930526,,,731386,,,917519,,,1839397,,,36456,,,66220,,,146504,,,311126,,,26240,,,358115,,,865355,,,12048,,,119790,,,15982,,,97675,,,77135,,,,,,,,,,,,,,,,,,,,,,,,
2016M08,90073,,,1429,,,8419,,,248538,,,4037005,,,676966,,,873771,,,1979224,,,36217,,,69461,,,148616,,,315556,,,26128,,,395634,,,891382,,,10162,,,94370,,,13281,,,94760,,,75086,,,,,,,,,,,,,,,,,,,,,,,,
2016M09,74875,,,1439,,,8330,,,214764,,,3333627,,,522302,,,726266,,,1577481,,,29242,,,62865,,,123309,,,170229,,,27184,,,309938,,,658895,,,12831,,,82390,,,12720,,,73470,,,65086,,,,,,,,,,,,,,,,,,,,,,,,
2016M10,47131,,,2166,,,8351,,,215390,,,3723837,,,506162,,,680918,,,1825123,,,29444,,,75861,,,117919,,,173185,,,29360,,,242901,,,474363,,,16631,,,86290,,,14265,,,77260,,,67506,,,,,,,,,,,,,,,,,,,,,,,,
2016M11,23961,,,3435,,,11652,,,202986,,,3388958,,,432802,,,516956,,,1705721,,,18954,,,83358,,,119338,,,193984,,,38752,,,168496,,,432467,,,15231,,,97090,,,6992,,,49122,,,36931,,,,,,,,,,,,,,,,,,,,,,,,
2016M12,35866,,,2946,,,20160,,,220358,,,3948482,,,427462,,,535536,,,1785764,,,16249,,,93501,,,112211,,,226020,,,35904,,,207343,,,535566,,,14609,,,99420,,,8603,,,36541,,,31272,,,,,,,,,,,,,,,,,,,,,,,,
2017M01,44615,,,2763,,,11324,,,255689,,,4353505,,,630570,,,565243,,,1997355,,,30669,,,80407,,,206939,,,316805,,,54096,,,381258,,,859617,,,14228,,,166870,,,19758,,,41736,,,30507,,,,,,,,,,,,,,,,,,,,,,,,
2017M02,31143,,,2694,,,9634,,,202287,,,3138728,,,509090,,,590790,,,1665220,,,24263,,,92031,,,199440,,,268993,,,33728,,,184985,,,790051,,,13930,,,143430,,,9701,,,42273,,,29456,,,,,,,,,,,,,,,,,,,,,,,,
2017M03,28595,,,3126,,,16735,,,201599,,,3330769,,,508979,,,360782,,,1655103,,,18203,,,100565,,,147016,,,264711,,,42000,,,195901,,,789417,,,16786,,,111130,,,7295,,,53079,,,37227,,,,,,,,,,,,,,,,,,,,,,,,
2017M04,39620,,,2414,,,10543,,,214196,,,3521932,,,528781,,,227811,,,1768603,,,20975,,,87780,,,158147,,,252135,,,39296,,,208877,,,748127,,,17624,,,101810,,,14099,,,67901,,,53943,,,,,,,,,,,,,,,,,,,,,,,,
2017M05,53302,,,2234,,,9710,,,201867,,,3450028,,,517038,,,253359,,,1702578,,,23225,,,80287,,,157335,,,232361,,,27568,,,271100,,,762193,,,18517,,,80110,,,14260,,,90569,,,77451,,,,,,,,,,,,,,,,,,,,,,,,
2017M06,78329,,,1596,,,10565,,,189078,,,3097716,,,587193,,,254930,,,1544237,,,24160,,,88897,,,156452,,,218118,,,17744,,,264065,,,762481,,,17518,,,76370,,,11400,,,93570,,,80888,,,,,,,,,,,,,,,,,,,,,,,,
2017M07,103313,,,1873,,,8077,,,237251,,,4077183,,,780771,,,281263,,,2016066,,,34276,,,104993,,,213447,,,349654,,,29360,,,358270,,,937971,,,20604,,,149830,,,12408,,,111725,,,95324,,,,,,,,,,,,,,,,,,,,,,,,
2017M08,99104,,,2502,,,8976,,,249999,,,3955989,,,819855,,,339388,,,2016846,,,33743,,,107636,,,219705,,,357287,,,29232,,,406161,,,983245,,,19734,,,116380,,,11346,,,106321,,,93881,,,,,,,,,,,,,,,,,,,,,,,,
2017M09,79094,,,1952,,,9170,,,224691,,,3572769,,,678313,,,318682,,,1721858,,,27214,,,98744,,,178813,,,226978,,,30704,,,299295,,,760999,,,26561,,,97690,,,13193,,,87672,,,77873,,,,,,,,,,,,,,,,,,,,,,,,
2017M10,52849,,,2731,,,8955,,,263826,,,4033473,,,663815,,,345384,,,2058530,,,28689,,,108516,,,162376,,,245755,,,33040,,,227422,,,805616,,,27114,,,100400,,,10508,,,100960,,,87966,,,,,,,,,,,,,,,,,,,,,,,,
2017M11,29121,,,,,,14247,,,244056,,,3680755,,,567149,,,299247,,,1981047,,,21195,,,127852,,,136770,,,251096,,,41808,,,173174,,,790839,,,28791,,,101350,,,7559,,,56124,,,44185,,,,,,,,,,,,,,,,,,,,,,,,
2017M12,43330,,,,,,23756,,,248010,,,4232412,,,564264,,,332474,,,2068760,,,19918,,,133074,,,64325,,,244241,,,39296,,,203407,,,815704,,,25870,,,111540,,,9705,,,47706,,,36651,,,,,,,,,,,,,,,,,,,,,,,,
2018M01,41265,,,3599,,,11984,,,218648,,,4113241,,,632304,,,305127,,,1927642,,,25830,,,153207,,,101961,,,291208,,,37280,,,313261,,,969996,,,26039,,,118310,,,8919,,,33666,,,28801,,,,,,,,,,,,,,,,,,,,,,,,
2018M02,55810,,,3757,,,16659,,,289758,,,4399696,,,716333,,,345341,,,2286989,,,33506,,,164679,,,214484,,,366616,,,68928,,,245575,,,1198971,,,30315,,,227410,,,19266,,,54547,,,50260,,,,,,,,,,,,,,,,,,,,,,,,
2018M03,32889,,,3555,,,23805,,,191805,,,3668375,,,594920,,,403413,,,1816743,,,13203,,,188054,,,180454,,,274879,,,43440,,,199627,,,1004025,,,32652,,,122490,,,7860,,,56224,,,47053,,,,,,,,,,,,,,,,,,,,,,,,
2018M04,39860,,,3339,,,12312,,,227749,,,4056097,,,683377,,,366604,,,2060662,,,15093,,,141412,,,185179,,,291119,,,46464,,,198328,,,986703,,,34768,,,109260,,,10396,,,73892,,,60450,,,,,,,,,,,,,,,,,,,,,,,,
2018M05,61292,,,2463,,,12067,,,191579,,,3817370,,,668600,,,370222,,,1860906,,,16927,,,141035,,,181342,,,264802,,,30544,,,260403,,,869206,,,35235,,,89540,,,12262,,,97632,,,88510,,,,,,,,,,,,,,,,,,,,,,,,
2018M06,74854,,,2045,,,11388,,,193886,,,3634089,,,760949,,,379891,,,1752222,,,22853,,,143376,,,185330,,,242118,,,18928,,,258787,,,900652,,,32010,,,77360,,,12691,,,105020,,,110766,,,,,,,,,,,,,,,,,,,,,,,,
2018M07,100914,,,1738,,,9953,,,225176,,,4402955,,,879097,,,410337,,,2168413,,,33227,,,163906,,,226024,,,361019,,,29264,,,324725,,,929808,,,34010,,,153500,,,8965,,,121990,,,113035,,,,,,,,,,,,,,,,,,,,,,,,
2018M08,97415,,,1823,,,10736,,,256944,,,4825547,,,860121,,,478140,,,2527309,,,33472,,,182768,,,215352,,,380108,,,31536,,,388259,,,867750,,,34433,,,117060,,,10015,,,118033,,,113195,,,,,,,,,,,,,,,,,,,,,,,,
2018M09,94870,,,2198,,,12023,,,218125,,,3713464,,,652740,,,434595,,,1820269,,,27997,,,162284,,,197747,,,239824,,,32416,,,281169,,,647711,,,43490,,,97640,,,11177,,,99190,,,97406,,,,,,,,,,,,,,,,,,,,,,,,
2018M10,64255,,,2607,,,12112,,,241823,,,4654391,,,715255,,,475307,,,2306844,,,25803,,,188125,,,183377,,,247664,,,31440,,,198306,,,646583,,,37429,,,101320,,,7325,,,104813,,,99485,,,,,,,,,,,,,,,,,,,,,,,,
2018M11,32458,,,3344,,,13948,,,207920,,,4631378,,,617252,,,404256,,,2283628,,,18465,,,196069,,,124848,,,220053,,,39948,,,142810,,,675143,,,29571,,,102910,,,6184,,,59398,,,57739,,,,,,,,,,,,,,,,,,,,,,,,
2018M12,41497,,,4115,,,20676,,,232202,,,5121627,,,599086,,,416279,,,2448929,,,16740,,,199528,,,143063,,,238194,,,38001,,,180563,,,838693,,,24157,,,115340,,,8187,,,48593,,,45921,,,,,,,,,,,,,,,,,,,,,,,,
2019M01,54316,,,3234,,,12312,,,238906,,,5542896,,,754421,,,392814,,,2504494,,,25804,,,182449,,,178665,,,320581,,,43858,,,340387,,,1069659,,,25033,,,142850,,,10944,,,39178,,,37486,,,,,,,,,,,,,,,,,,,,,,,,
2019M02,43929,,,3790,,,15640,,,283470,,,4560963,,,723617,,,453379,,,2559144,,,31285,,,236123,,,199960,,,339550,,,50861,,,207495,,,1064736,,,31074,,,206280,,,11604,,,55972,,,55687,,,,,,,,,,,,,,,,,,,,,,,,
2019M03,32383,,,4025,,,22113,,,270192,,,4478389,,,691279,,,487623,,,2384653,,,19479,,,264864,,,167995,,,300209,,,41063,,,192431,,,985227,,,32115,,,124370,,,6740,,,61045,,,48821,,,,,,,,,,,,,,,,,,,,,,,,
2019M04,40411,,,3136,,,12099,,,307354,,,4272755,,,726132,,,493250,,,2339868,,,18704,,,203603,,,170136,,,302097,,,36610,,,184556,,,898994,,,38139,,,96240,,,6502,,,80045,,,65368,,,,,,,,,,,,,,,,,,,,,,,,
2019M05,58432,,,2930,,,12513,,,316168,,,4717520,,,756365,,,500413,,,2425741,,,21010,,,216531,,,164936,,,283445,,,27782,,,254943,,,794913,,,41600,,,94690,,,8231,,,98191,,,94606,,,,,,,,,,,,,,,,,,,,,,,,
2019M06,73620,,,2248,,,11431,,,260919,,,4000994,,,880651,,,475007,,,2100557,,,23983,,,188916,,,168269,,,266105,,,18334,,,249772,,,836742,,,40480,,,80680,,,9119,,,109860,,,105304,,,,,,,,,,,,,,,,,,,,,,,,
2019M07,99114,,,2105,,,10353,,,322444,,,4160688,,,1050420,,,519132,,,2569941,,,32569,,,208198,,,193594,,,389499,,,28290,,,304336,,,983808,,,43390,,,150390,,,8562,,,128380,,,113545,,,,,,,,,,,,,,,,,,,,,,,,
2019M08,98609,,,2247,,,11203,,,282999,,,2782897,,,1000639,,,578112,,,2646406,,,32757,,,201212,,,193859,,,397066,,,29327,,,372942,,,1031683,,,40491,,,128280,,,7924,,,122578,,,109052,,,,,,,,,,,,,,,,,,,,,,,,
2019M09,86857,,,2817,,,11694,,,116037,,,2412459,,,819054,,,541350,,,1924490,,,24758,,,163060,,,172856,,,248546,,,27523,,,246200,,,852154,,,45835,,,98990,,,6179,,,101477,,,92281,,,,,,,,,,,,,,,,,,,,,,,,
2019M10,57759,,,2994,,,12182,,,114852,,,2519243,,,730631,,,567695,,,2342373,,,21926,,,161546,,,160300,,,258602,,,27831,,,167639,,,826431,,,39375,,,102710,,,5039,,,116176,,,96646,,,,,,,,,,,,,,,,,,,,,,,,
2019M11,27997,,,2967,,,15129,,,96933,,,1927649,,,750951,,,505369,,,2030742,,,15600,,,155031,,,147334,,,248614,,,38820,,,132230,,,798944,,,26207,,,101390,,,4258,,,68545,,,54735,,,,,,,,,,,,,,,,,,,,,,,,
2019M12,39047,,,3677,,,20476,,,103791,,,2398232,,,710234,,,508877,,,2094810,,,16154,,,180316,,,154175,,,272716,,,36842,,,177039,,,854047,,,22605,,,111800,,,6980,,,52055,,,43441,,,,,,,,,,,,,,,,,,,,,,,,
2020M01,57745,,,3375,,,13667,,,91085,,,2536768,,,924790,,,481681,,,2132032,,,31744,,,123550,,,183685,,,329047,,,50316,,,321009,,,1030148,,,23580,,,156610,,,12445,,,53354,,,45955,,,,,,,,,,,,,,,,,,,,,,,,
2020M02,17000,,,1672,,,6553,,,5540,,,98804,,,87220,,,104086,,,72307,,,1647,,,68272,,,11586,,,6222,,,5004,,,32902,,,160564,,,5644,,,21330,,,2151,,,13084,,,12690,,,,,,,,,,,,,,,,,,,,,,,,
2020M03,6153,,,609,,,3188,,,1511,,,30370,,,10365,,,16595,,,88890,,,498,,,67910,,,4985,,,1488,,,1466,,,10824,,,56852,,,871,,,27940,,,467,,,2908,,,2630,,,,,,,,,,,,,,,,,,,,,,,,
2020M04,553,,,,,,360,,,476,,,2947,,,163,,,3935,,,10500,,,,,,3031,,,1748,,,18,,,44,,,415,,,,,,48,,,50,,,11,,,23,,,816,,,,,,,,,,,,,,,,,,,,,,,,
2020M05,653,,,,,,467,,,581,,,5670,,,25,,,5124,,,14793,,,,,,6125,,,1965,,,23,,,159,,,483,,,,,,252,,,90,,,18,,,46,,,874,,,,,,,,,,,,,,,,,,,,,,,,
2020M06,1326,,,,,,531,,,767,,,6682,,,334,,,5051,,,21067,,,,,,6785,,,2079,,,118,,,239,,,783,,,,,,110,,,180,,,29,,,207,,,1300,,,,,,,,,,,,,,,,,,,,,,,,
2020M07,1257,,,,,,638,,,908,,,5735,,,785,,,9738,,,66489,,,16,,,7390,,,2681,,,958,,,242,,,1024,,,,,,886,,,130,,,20,,,551,,,1709,,,,,,,,,,,,,,,,,,,,,,,,
2020M08,2136,,,,,,767,,,1393,,,2337,,,1606,,,16275,,,200833,,,34,,,9240,,,3635,,,2163,,,340,,,2401,,,,,,1658,,,160,,,44,,,647,,,1696,,,,,,,,,,,,,,,,,,,,,,,,
2020M09,2380,,,,,,820,,,4590,,,6226,,,767,,,15307,,,412451,,,33,,,10523,,,6934,,,2422,,,191,,,2007,,,,,,1827,,,200,,,27,,,375,,,1017,,,,,,,,,,,,,,,,,,,,,,,,
2020M10,1987,,,,,,1119,,,1810,,,4855,,,4502,,,11477,,,539482,,,41,,,11465,,,6863,,,3169,,,158,,,2017,,,471,,,1826,,,340,,,73,,,262,,,468,,,,,,,,,,,,,,,,,,,,,,,,
2020M11,1617,,,28,,,1094,,,1201,,,3571,,,18147,,,9174,,,588511,,,61,,,8168,,,6481,,,4007,,,176,,,1755,,,914,,,1188,,,340,,,188,,,92,,,174,,,,,,,,,,,,,,,,,,,,,,,,
2020M12,1510,,,114,,,1403,,,1188,,,2433,,,18365,,,7987,,,606884,,,171,,,7214,,,7126,,,7657,,,173,,,2460,,,961,,,2374,,,320,,,404,,,126,,,191,,,,,,,,,,,,,,,,,,,,,,,,
2021M01,1554,,,79,,,1049,,,1421,,,2877,,,10225,,,7346,,,496157,,,122,,,4770,,,1353,,,6599,,,133,,,3438,,,572,,,1795,,,380,,,105,,,100,,,211,,,,,,,,,,,,,,,,,,,,,,,,
2021M02,1272,,,100,,,996,,,566,,,3802,,,1747,,,11982,,,380649,,,108,,,4789,,,2703,,,4498,,,137,,,1775,,,359,,,1915,,,250,,,81,,,93,,,77,,,,,,,,,,,,,,,,,,,,,,,,
2021M03,1363,,,109,,,1589,,,1281,,,4918,,,3951,,,18980,,,688353,,,132,,,14278,,,8272,,,8892,,,163,,,2676,,,589,,,3055,,,260,,,141,,,115,,,300,,,,,,,,,,,,,,,,,,,,,,,,
2021M04,1497,,,,,,1715,,,958,,,4118,,,3271,,,16830,,,730934,,,142,,,2149,,,9639,,,9056,,,122,,,3212,,,643,,,1809,,,310,,,167,,,75,,,318,,,,,,,,,,,,,,,,,,,,,,,,
2021M05,1678,,,,,,2326,,,677,,,3897,,,1823,,,14221,,,795389,,,149,,,1707,,,4961,,,7388,,,198,,,4015,,,505,,,2320,,,360,,,654,,,216,,,509,,,,,,,,,,,,,,,,,,,,,,,,
2021M06,1840,,,,,,2096,,,283,,,4651,,,1973,,,12942,,,471935,,,85,,,2058,,,6421,,,6983,,,264,,,4156,,,323,,,2306,,,360,,,597,,,416,,,695,,,,,,,,,,,,,,,,,,,,,,,,
2021M07,3324,,,,,,2362,,,518,,,6304,,,3931,,,13469,,,724342,,,181,,,2731,,,2941,,,12669,,,179,,,9831,,,1032,,,2888,,,250,,,463,,,945,,,1867,,,,,,,,,,,,,,,,,,,,,,,,
2021M08,7824,,,,,,2169,,,1147,,,8529,,,2396,,,17103,,,369467,,,273,,,2158,,,897,,,8907,,,121,,,92065,,,976,,,3105,,,270,,,564,,,1493,,,2661,,,,,,,,,,,,,,,,,,,,,,,,
2021M09,5543,,,,,,2217,,,2186,,,6960,,,3960,,,19144,,,583056,,,153,,,2557,,,2119,,,8952,,,68,,,34011,,,697,,,3473,,,140,,,340,,,1110,,,2430,,,,,,,,,,,,,,,,,,,,,,,,
2021M10,4169,,,111,,,2602,,,1605,,,6699,,,4009,,,14035,,,300996,,,247,,,2594,,,6005,,,6065,,,82,,,5910,,,504,,,3463,,,160,,,361,,,1357,,,2339,,,,,,,,,,,,,,,,,,,,,,,,
2021M11,4050,,,289,,,3742,,,1245,,,6464,,,3189,,,12472,,,741226,,,199,,,2604,,,4889,,,3479,,,66,,,10940,,,2328,,,3482,,,1030,,,873,,,960,,,2502,,,,,,,,,,,,,,,,,,,,,,,,
2021M12,5802,,,237,,,5564,,,1380,,,6502,,,1764,,,11691,,,762554,,,447,,,3380,,,4513,,,4764,,,111,,,19747,,,4515,,,4030,,,2780,,,2341,,,1460,,,3629,,,,,,,,,,,,,,,,,,,,,,,,
2022M01,2931,,,232,,,2620,,,1077,,,5792,,,1490,,,9489,,,642016,,,314,,,2497,,,2523,,,4361,,,76,,,20848,,,3110,,,2576,,,3740,,,789,,,887,,,2662,,,,,,,,,,,,,,,,,,,,,,,,
2022M02,2344,,,233,,,2976,,,1380,,,1809,,,2359,,,16752,,,609249,,,282,,,2992,,,3126,,,3823,,,48,,,8545,,,4898,,,3482,,,7720,,,358,,,891,,,2905,,,,,,,,,,,,,,,,,,,,,,,,
2022M03,3104,,,294,,,6641,,,1182,,,997,,,9799,,,14726,,,468995,,,399,,,4264,,,5124,,,4131,,,135,,,16415,,,5730,,,3795,,,5130,,,1560,,,1615,,,3477,,,,,,,,,,,,,,,,,,,,,,,,
2022M04,3024,,,380,,,5378,,,764,,,3608,,,22371,,,10230,,,534899,,,705,,,5650,,,5300,,,5048,,,184,,,14299,,,8728,,,7167,,,3550,,,588,,,2156,,,5633,,,,,,,,,,,,,,,,,,,,,,,,
2022M05,4648,,,404,,,6697,,,707,,,14403,,,17643,,,11253,,,538458,,,726,,,7072,,,6853,,,7150,,,917,,,21237,,,14930,,,7087,,,4250,,,1143,,,2942,,,4975,,,,,,,,,,,,,,,,,,,,,,,,
2022M06,5454,,,430,,,6867,,,974,,,35348,,,14657,,,12741,,,336488,,,1071,,,8279,,,11362,,,10191,,,942,,,25422,,,20040,,,9564,,,6550,,,1080,,,3275,,,6960,,,,,,,,,,,,,,,,,,,,,,,,
2022M07,6336,,,537,,,6804,,,1813,,,40083,,,14803,,,17907,,,7321,,,1544,,,10667,,,13541,,,16622,,,1375,,,33041,,,27175,,,10287,,,12390,,,859,,,5290,,,10329,,,,,,,,,,,,,,,,,,,,,,,,
2022M08,5386,,,648,,,8453,,,2305,,,48269,,,12332,,,30248,,,290138,,,1253,,,9899,,,13800,,,14735,,,1403,,,75912,,,29985,,,9525,,,8390,,,852,,,4745,,,10473,,,,,,,,,,,,,,,,,,,,,,,,
2022M09,5752,,,579,,,6284,,,2633,,,51276,,,17590,,,29531,,,502668,,,1054,,,11105,,,15653,,,14127,,,1892,,,40169,,,32302,,,8803,,,7480,,,684,,,4352,,,7977,,,,,,,,,,,,,,,,,,,,,,,,
2022M10,8817,,,822,,,6888,,,2461,,,47607,,,21498,,,22940,,,518843,,,1157,,,13490,,,17166,,,14971,,,2327,,,32137,,,35410,,,8558,,,7070,,,434,,,5018,,,7180,,,,,,,,,,,,,,,,,,,,,,,,
2022M11,7216,,,1023,,,10359,,,3645,,,58694,,,21016,,,24174,,,320267,,,1175,,,14733,,,20065,,,16024,,,2866,,,31651,,,37113,,,7717,,,9100,,,795,,,4220,,,8048,,,,,,,,,,,,,,,,,,,,,,,,
2022M12,9217,,,1372,,,17627,,,5437,,,67244,,,33567,,,27367,,,336593,,,2468,,,16227,,,29642,,,19684,,,4731,,,48435,,,54146,,,10954,,,13880,,,2068,,,7166,,,9546,,,,,,,,,,,,,,,,,,,,,,,,
2023M01,9244,,,872,,,10303,,,9633,,,280525,,,31200,,,24946,,,991641,,,5796,,,24978,,,27080,,,28363,,,4949,,,63386,,,91841,,,8899,,,14630,,,1164,,,4440,,,7757,,,,,,,,,,,,,,,,,,,,,,,,
2023M02,8132,,,1034,,,9296,,,9346,,,1109885,,,36200,,,45884,,,1003999,,,4276,,,54457,,,36434,,,35300,,,4212,,,40829,,,155656,,,8888,,,40430,,,421,,,4514,,,6484,,,,,,,,,,,,,,,,,,,,,,,,
2023M03,,10053,,,1622,,,14175,,,10800,,,1970777,,,75700,,,73390,,,1242358,,,7619,,,53230,,,54549,,,60888,,,7119,,,67440,,,269773,,,13424,,,26810,,,1187,,,7328,,,11280,,,,,,,,,,,,,,,,,,,,,,,
2023M04,,11072,,,1549,,,11569,,,14944,,,2308561,,,108295,,,105967,,,1386944,,,13504,,,51344,,,55090,,,90725,,,11237,,,118631,,,328414,,,17231,,,32000,,,635,,,12045,,,12910,,,,,,,,,,,,,,,,,,,,,,,
2023M05,,16401,,,1251,,,11657,,,13601,,,2285859,,,134510,,,128171,,,1474304,,,15204,,,43738,,,64056,,,95613,,,8541,,,87622,,,285547,,,18308,,,32210,,,1510,,,13858,,,13252,,,,,,,,,,,,,,,,,,,,,,,
2023M06,,21216,,,1326,,,11206,,,15117,,,2155143,,,208573,,,168035,,,1444933,,,17028,,,40383,,,62499,,,113290,,,8681,,,86392,,,311888,,,22215,,,37330,,,1136,,,19233,,,16406,,,,,,,,,,,,,,,,,,,,,,,
2023M07,,24185,,,1410,,,11062,,,26661,,,2975846,,,313328,,,224805,,,1910371,,,28964,,,50368,,,84955,,,231331,,,15920,,,110533,,,410311,,,25041,,,79040,,,1118,,,21703,,,20714,,,,,,,,,,,,,,,,,,,,,,,
2023M08,,,19053,,,1393,,,11468,,,25600,,,3435296,,,364228,,,259659,,,2322580,,,28530,,,46346,,,85198,,,215442,,,15548,,,174032,,,355146,,,24038,,,58790,,,991,,,20750,17759,,17759,,,,,,,,,,,,,,,,,,,,,,
2023M09,,,21912,,,1640,,,12618,,,22952,,,2163389,,,325645,,,263940,,,1589423,,,25065,,,40670,,,88758,,,135677,,,19061,,,8138,,,284989,,,31825,,,59080,,,713,,,21758,18582,,18582,,,,,,,,,,,,,,,,,,,,,,
2023M10,,,27644,,,1913,,,13281,,,23120,,,2703066,,,256371,,,249483,,,1949510,,,17726,,,48048,,,75326,,,122765,,,16257,,,84640,,,291323,,,28938,,,43060,,,653,,,24527,20761,,20761,,,,,,,,,,,,,,,,,,,,,,
2023M11,,,14278,,,3047,,,18619,,,22036,,,2427471,,,258343,,,221469,,,1770861,,,11880,,,44688,,,75486,,,104347,,,20063,,,77020,,,310266,,,24271,,,45880,,,1048,,,17871,14866,,14866,,,,,,,,,,,,,,,,,,,,,,
2023M12,,,17588,,,3588,,,26062,,,32459,,,2944635,,,312400,,,253675,,,1962223,,,11533,,,49548,,,75537,,,130207,,,19556,,,102556,,,425941,,,25041,,,66530,,,2105,,,17864,15910,,15910,,,,,,,,,,,,,,,,,,,,,,
2024M01,,,15951,,,2919,,,15353,,,30736,,,2984259,,,416088,,,280035,,,2056133,,,19895,,,46781,,,81691,,,211178,,,20604,,,153532,,,508563,,,21546,,,71170,,,1097,,,12777,10411,,10411,,,,,,,,,,,,,,,,,,,,,,
2024M02,,,20893,,,3095,,,14682,,,37719,,,3248231,,,459463,,,343719,,,2449243,,,33896,,,63209,,,110320,,,326900,,,37891,,,103565,,,674558,,,26724,,,149770,,,1200,,,20202,12155,,12155,,,,,,,,,,,,,,,,,,,,,,
2024M03,,,15485,,,3273,,,22105,,,30219,,,2462406,,,452525,,,391347,,,1786536,,,13608,,,79971,,,94364,,,247658,,,17277,,,116107,,,573216,,,29181,,,58240,,,1232,,,22576,15742,,15742,,,,,,,,,,,,,,,,,,,,,,
2024M04,,,17561,,,2727,,,16162,,,28269,,,2482581,,,533611,,,411331,,,1737314,,,16427,,,70494,,,85957,,,220435,,,21639,,,122460,,,595572,,,34468,,,58020,,,821,,,28888,19251,,19251,,,,,,,,,,,,,,,,,,,,,,
2024M05,,,24789,,,2372,,,16256,,,30208,,,2626081,,,545552,,,395222,,,1856283,,,16864,,,65548,,,98631,,,222335,,,13904,,,134432,,,559461,,,38740,,,55130,,,1781,,,36159,24571,,24571,,,,,,,,,,,,,,,,,,,,,,
2024M06,,,31021,,,2392,,,14405,,,30918,,,2337305,,,665617,,,397325,,,1652490,,,20036,,,63357,,,98228,,,217656,,,13269,,,129353,,,528112,,,36770,,,55670,,,1557,,,39229,31991,,31991,,,,,,,,,,,,,,,,,,,,,,
2024M07,,,35343,,,2028,,,15373,,,36034,,,3140143,,,776520,,,459069,,,2183397,,,38338,,,74620,,,126108,,,412949,,,25947,,,167248,,,688248,,,43390,,,103840,,,1252,,,52937,40660,,40660,,,,,,,,,,,,,,,,,,,,,,
,,,,,,,,,,,,,,,,,,,,,,,,,,,,,,,,,,,,,,,,,,,,,,,,,,,,,,,,,,,,,,,,,,,,,,,,,,,,,,,,,,
,,,,,,,,,,,,,,,,,,,,,,,,,,,,,,,,,,,,,,,,,,,,,,,,,,,,,,,,,,,,,,,,,,,,,,,,,,,,,,,,,,
,,,,,,,,,,,,,,,,,,,,,,,,,,,,,,,,,,,,,,,,,,,,,,,,,,,,,,,,,,,,,,,,,,,,,,,,,,,,,,,,,,
